StartDate,EndDate,Status,IPAddress,Progress,Duration (in seconds),Finished,RecordedDate,ResponseId,RecipientLastName,RecipientFirstName,RecipientEmail,ExternalReference,LocationLatitude,LocationLongitude,DistributionChannel,UserLanguage,Q1,Q2,Q3,Q4_1,Q4_2,Q4_3,Q4_4,Q4_5
Start Date,End Date,Response Type,IP Address,Progress,Duration (in seconds),Finished,Recorded Date,Response ID,Recipient Last Name,Recipient First Name,Recipient Email,External Data Reference,Location Latitude,Location Longitude,Distribution Channel,User Language,How likely are you to support Justin Amash's 2020 Presidential run?,"Before Amash announced his candidacy, who would you most likely have voted for?",Which TWO issues are most important to you as a voter?,"Rank UP TO 3 reasons that you support or are considering supporting Justin Amash for President.(Type ""1"" beside your most important reason, ""2"" beside your second most important if you have one, ""3"" beside your third most important if you have one.) - Amash's domestic policy views","Rank UP TO 3 reasons that you support or are considering supporting Justin Amash for President.(Type ""1"" beside your most important reason, ""2"" beside your second most important if you have one, ""3"" beside your third most important if you have one.) - Amash's foreign policy views","Rank UP TO 3 reasons that you support or are considering supporting Justin Amash for President.(Type ""1"" beside your most important reason, ""2"" beside your second most important if you have one, ""3"" beside your third most important if you have one.) - I do not trust Trump or Biden to operate in my interest","Rank UP TO 3 reasons that you support or are considering supporting Justin Amash for President.(Type ""1"" beside your most important reason, ""2"" beside your second most important if you have one, ""3"" beside your third most important if you have one.) - I believe Trump and Biden are mentally unfit or unhealthy","Rank UP TO 3 reasons that you support or are considering supporting Justin Amash for President.(Type ""1"" beside your most important reason, ""2"" beside your second most important if you have one, ""3"" beside your third most important if you have one.) - I am trying to disturb the current 2-party system"
"{""ImportId"":""startDate"",""timeZone"":""America/Chicago""}","{""ImportId"":""endDate"",""timeZone"":""America/Chicago""}","{""ImportId"":""status""}","{""ImportId"":""ipAddress""}","{""ImportId"":""progress""}","{""ImportId"":""duration""}","{""ImportId"":""finished""}","{""ImportId"":""recordedDate"",""timeZone"":""America/Chicago""}","{""ImportId"":""_recordId""}","{""ImportId"":""recipientLastName""}","{""ImportId"":""recipientFirstName""}","{""ImportId"":""recipientEmail""}","{""ImportId"":""externalDataReference""}","{""ImportId"":""locationLatitude""}","{""ImportId"":""locationLongitude""}","{""ImportId"":""distributionChannel""}","{""ImportId"":""userLanguage""}","{""ImportId"":""QID9""}","{""ImportId"":""QID10""}","{""ImportId"":""QID11""}","{""ImportId"":""QID12_1""}","{""ImportId"":""QID12_2""}","{""ImportId"":""QID12_3""}","{""ImportId"":""QID12_4""}","{""ImportId"":""QID12_5""}"
2020-05-05 19:16:45,2020-05-05 19:17:42,Survey Preview,,100,56,True,2020-05-05 19:17:42,R_1C72WrSbIJAOmw3,,,,,39.464202880859375,-87.3531036376953125,preview,EN,,,,,,,,
2020-05-05 19:17:46,2020-05-05 19:18:18,Survey Preview,,100,31,True,2020-05-05 19:18:18,R_1OvOww9rcV71ho8,,,,,39.464202880859375,-87.3531036376953125,preview,EN,I will not support him,Biden,"Criminal Justice,Climate Change",,,,,
2020-05-05 19:18:20,2020-05-05 19:18:44,Survey Preview,,100,23,True,2020-05-05 19:18:44,R_3M6ENqk5FVxJVca,,,,,39.464202880859375,-87.3531036376953125,preview,EN,I will not support him,Undecided,"Universal Basic Income,Gun Policy",,,,,
2020-05-05 19:18:54,2020-05-05 19:19:20,Survey Preview,,100,25,True,2020-05-05 19:19:20,R_2qxS34x01DhNCpR,,,,,39.464202880859375,-87.3531036376953125,preview,EN,I am very likely to support him,I probably would not have voted,"Education Policy,Minority Rights",2,,1,3,
2020-05-06 16:39:47,2020-05-06 16:40:34,Survey Preview,,100,47,True,2020-05-06 16:40:34,R_3GfTiAlY3boXzwS,,,,,39.464202880859375,-87.3531036376953125,preview,EN,I may support him,Biden,"Economy,Education Policy",1,3,,,2
2020-05-06 16:42:32,2020-05-06 16:44:56,IP Address,72.15.96.92,100,143,True,2020-05-06 16:44:56,R_3OdmZbw4u0UAdq0,,,,,33.47149658203125,-84.59290313720703125,anonymous,EN,I am very likely to support him,Biden,"Government Spending/Deficit,Abortion",1,,3,,2
2020-05-06 16:44:15,2020-05-06 16:46:21,IP Address,108.24.159.221,100,126,True,2020-05-06 16:46:21,R_2trpTvxonGi6Hv4,,,,,39.89520263671875,-75.034698486328125,anonymous,EN,I am very likely to support him,The Libertarian Party nominee,"National Security/Foreign Policy,Criminal Justice",2,3,1,,
2020-05-06 16:43:28,2020-05-06 16:46:39,IP Address,71.127.200.5,100,191,True,2020-05-06 16:46:40,R_12nXGArH1uNGcjg,,,,,40.3863983154296875,-74.51110076904296875,anonymous,EN,I cannot vote,Other/write-in,"Universal Basic Income,Minority Rights",,,1,2,
2020-05-06 16:42:52,2020-05-06 16:47:20,IP Address,70.95.196.255,100,268,True,2020-05-06 16:47:21,R_D91SY4oWSIodtIZ,,,,,32.9167022705078125,-117.090301513671875,anonymous,EN,I cannot vote,The Libertarian Party nominee,"Gun Policy,Government Spending/Deficit",1,,3,,2
2020-05-06 17:00:13,2020-05-06 17:01:13,IP Address,162.193.7.234,100,60,True,2020-05-06 17:01:14,R_1Kqbfs0XpfFjAAv,,,,,26.125,-80.266998291015625,anonymous,EN,I am very likely to support him,The Libertarian Party nominee,"National Security/Foreign Policy,Economy",1,2,3,,
2020-05-06 17:00:30,2020-05-06 17:01:35,IP Address,73.148.219.206,100,65,True,2020-05-06 17:01:35,R_33kxklkE6GmdmLj,,,,,30.1031036376953125,-82.6855010986328125,anonymous,EN,I am very likely to support him,Other/write-in,"Criminal Justice,Education Policy",3,,2,,1
2020-05-06 17:00:37,2020-05-06 17:01:36,IP Address,23.240.170.157,100,59,True,2020-05-06 17:01:36,R_3iDKWajvO3uXsLg,,,,,34.6905975341796875,-118.14170074462890625,anonymous,EN,I am very likely to support him,The Libertarian Party nominee,"National Security/Foreign Policy,Criminal Justice",1,2,,3,
2020-05-06 17:00:37,2020-05-06 17:01:50,IP Address,47.40.191.20,100,72,True,2020-05-06 17:01:50,R_cLQYYNlpLKnBoSR,,,,,43.5160980224609375,-84.18219757080078125,anonymous,EN,I am very likely to support him,I probably would not have voted,"National Security/Foreign Policy,Universal Basic Income",,3,2,,1
2020-05-06 17:02:00,2020-05-06 17:03:31,IP Address,76.104.12.62,100,90,True,2020-05-06 17:03:31,R_1doXgXMkgU3H38g,,,,,37.38250732421875,-79.21810150146484375,anonymous,EN,I am very likely to support him,Biden,"Taxation,Government Spending/Deficit",2,,1,3,
2020-05-06 17:04:00,2020-05-06 17:04:57,IP Address,68.202.136.240,100,57,True,2020-05-06 17:04:58,R_daFIHQ0JOKFjCvv,,,,,28.635406494140625,-81.488800048828125,anonymous,EN,I will not support him,Trump,"National Security/Foreign Policy,Economy",,,,,
2020-05-06 17:04:09,2020-05-06 17:04:59,IP Address,35.136.154.20,100,50,True,2020-05-06 17:04:59,R_1mQ9Z4K0Cfs9Zqh,,,,,27.8115997314453125,-82.80139923095703125,anonymous,EN,I am very likely to support him,The Libertarian Party nominee,"Taxation,Gun Policy",1,,2,,
2020-05-06 17:08:40,2020-05-06 17:10:11,IP Address,97.100.215.102,100,90,True,2020-05-06 17:10:11,R_1FaBp0yNNxErgTY,,,,,28.5464019775390625,-81.2584991455078125,anonymous,EN,I am very likely to support him,The Libertarian Party nominee,"Economy,Taxation",3,,1,2,
2020-05-06 17:10:33,2020-05-06 17:13:17,IP Address,99.203.107.217,100,164,True,2020-05-06 17:13:18,R_24oO0BMUJDujFbo,,,,,37.33880615234375,-121.8914031982421875,anonymous,EN,I am very likely to support him,Biden,"National Security/Foreign Policy,Gun Policy",2,,1,,3
2020-05-06 17:12:53,2020-05-06 17:13:40,IP Address,174.230.138.20,100,47,True,2020-05-06 17:13:40,R_1gHg3MoSJ8HwCFs,,,,,42.64019775390625,-85.29730224609375,anonymous,EN,I am very likely to support him,Other/write-in,"National Security/Foreign Policy,Minority Rights",2,1,,,3
2020-05-06 17:12:32,2020-05-06 17:14:05,IP Address,174.231.4.182,100,93,True,2020-05-06 17:14:06,R_Unl3nuzDlBlmONb,,,,,39.79229736328125,-85.9781036376953125,anonymous,EN,I am very likely to support him,The Libertarian Party nominee,"Taxation,Gun Policy",1,2,,,3
2020-05-06 17:15:18,2020-05-06 17:17:30,IP Address,89.187.178.181,100,131,True,2020-05-06 17:17:31,R_29jrKWvrwa1PD5N,,,,,40.7144927978515625,-74.002899169921875,anonymous,EN,I am very likely to support him,Undecided,"Criminal Justice,Gun Policy",1,2,,,3
2020-05-06 17:17:03,2020-05-06 17:18:46,IP Address,74.70.173.233,100,102,True,2020-05-06 17:18:46,R_10PJLA0j9diffm8,,,,,43.1139984130859375,-77.56890106201171875,anonymous,EN,I am very likely to support him,The Libertarian Party nominee,"Economy,Climate Change",2,1,3,,
2020-05-06 17:19:31,2020-05-06 17:20:46,IP Address,71.168.221.82,100,75,True,2020-05-06 17:20:47,R_39llIjQZP9EmZax,,,,,39.884002685546875,-74.97209930419921875,anonymous,EN,I cannot vote,Trump,"Economy,Abortion",1,2,,,
2020-05-06 17:19:07,2020-05-06 17:20:49,IP Address,75.86.180.231,100,102,True,2020-05-06 17:20:50,R_2Xparz2aGAqq4ic,,,,,43.0742034912109375,-87.9149017333984375,anonymous,EN,I am very likely to support him,Biden,"Criminal Justice,Government Spending/Deficit",1,,2,3,
2020-05-06 17:22:05,2020-05-06 17:22:46,IP Address,172.58.107.200,100,41,True,2020-05-06 17:22:46,R_DvlnWp1Y3NBPCmJ,,,,,32.746002197265625,-96.80699920654296875,anonymous,EN,I am very likely to support him,Biden,"Criminal Justice,Government Spending/Deficit",,,3,2,1
2020-05-06 17:22:21,2020-05-06 17:23:05,IP Address,65.190.184.68,100,44,True,2020-05-06 17:23:05,R_3qgKVpGoEXqTdaE,,,,,35.4929046630859375,-77.95780181884765625,anonymous,EN,I will probably not support him,I probably would not have voted,"Healthcare,Minority Rights",,,1,2,3
2020-05-06 17:23:24,2020-05-06 17:24:45,IP Address,174.192.3.209,100,81,True,2020-05-06 17:24:45,R_ALMSXuHmAafzjeF,,,,,41.7689056396484375,-71.475799560546875,anonymous,EN,I am very likely to support him,The Libertarian Party nominee,"Gun Policy,Government Spending/Deficit",1,2,3,,
2020-05-06 17:23:50,2020-05-06 17:25:32,IP Address,100.1.247.171,100,102,True,2020-05-06 17:25:32,R_2f1ywdLZKIQvOzk,,,,,40.42889404296875,-74.10829925537109375,anonymous,EN,I am very likely to support him,Undecided,"Economy,Gun Policy",2,,,1,3
2020-05-06 17:26:41,2020-05-06 17:27:36,IP Address,66.108.164.79,100,54,True,2020-05-06 17:27:36,R_22OWBhRNWgStpN9,,,,,40.75469970703125,-73.96140289306640625,anonymous,EN,I am very likely to support him,The Libertarian Party nominee,"Gun Policy,Government Spending/Deficit",2,1,3,,
2020-05-06 17:27:39,2020-05-06 17:28:05,IP Address,47.38.224.187,100,25,True,2020-05-06 17:28:05,R_3qCIsQmuBi75hPE,,,,,32.9073944091796875,-97.53220367431640625,anonymous,EN,I will not support him,Biden,"Healthcare,Climate Change",,,,,
2020-05-06 17:30:21,2020-05-06 17:31:20,IP Address,70.187.32.61,100,58,True,2020-05-06 17:31:20,R_7TCAVbUet0bgxep,,,,,30.4766998291015625,-87.3141021728515625,anonymous,EN,I am very likely to support him,Trump,"Economy,Government Spending/Deficit",,2,,1,3
2020-05-06 17:28:55,2020-05-06 17:31:55,IP Address,84.84.69.30,100,180,True,2020-05-06 17:31:55,R_3dVXb8rbJx0nAi0,,,,,52.371307373046875,4.6300048828125,anonymous,EN,I cannot vote,The Libertarian Party nominee,"Taxation,Government Spending/Deficit",3,,1,,2
2020-05-06 17:32:44,2020-05-06 17:33:55,IP Address,99.152.243.186,100,71,True,2020-05-06 17:33:55,R_1M70UBsFmyM6don,,,,,29.7545013427734375,-95.4093017578125,anonymous,EN,I am very likely to support him,The Libertarian Party nominee,"Criminal Justice,Government Spending/Deficit",1,2,,,3
2020-05-06 17:35:47,2020-05-06 17:37:06,IP Address,151.197.23.23,100,79,True,2020-05-06 17:37:07,R_1r9tl2FWtTLhQUw,,,,,39.877105712890625,-75.3235015869140625,anonymous,EN,I am very likely to support him,I probably would not have voted,"Criminal Justice,Government Spending/Deficit",2,,1,,3
2020-05-06 17:35:48,2020-05-06 17:40:28,IP Address,68.113.228.190,100,280,True,2020-05-06 17:40:29,R_1QtLOCOs4mYYkb4,,,,,44.4506988525390625,-89.5428009033203125,anonymous,EN,I am very likely to support him,The Libertarian Party nominee,"National Security/Foreign Policy,Criminal Justice",,2,3,,1
2020-05-06 17:39:04,2020-05-06 17:40:30,IP Address,107.77.253.24,100,85,True,2020-05-06 17:40:30,R_2OVABchg83MvzqP,,,,,28.6343994140625,-81.622100830078125,anonymous,EN,I am very likely to support him,Biden,"Government Spending/Deficit,Abortion",1,,,2,3
2020-05-06 17:39:49,2020-05-06 17:41:18,IP Address,172.58.35.138,100,89,True,2020-05-06 17:41:18,R_Wx3FhabRuX3oR6p,,,,,38.4799041748046875,-121.445098876953125,anonymous,EN,I may support him,I probably would not have voted,"National Security/Foreign Policy,Economy",,,,2,1
2020-05-06 17:40:32,2020-05-06 17:42:31,IP Address,24.197.184.223,100,118,True,2020-05-06 17:42:31,R_3MPRV8olLxGyUhC,,,,,45.351104736328125,-93.73979949951171875,anonymous,EN,I am very likely to support him,Undecided,"Healthcare,Gun Policy",2,,1,3,
2020-05-06 17:42:33,2020-05-06 17:43:31,IP Address,69.254.154.205,100,58,True,2020-05-06 17:43:31,R_25Y4LUhnTrzVHH2,,,,,35.13690185546875,-106.5198974609375,anonymous,EN,I am very likely to support him,Other/write-in,"National Security/Foreign Policy,Government Spending/Deficit",,3,1,2,
2020-05-06 17:42:10,2020-05-06 17:43:37,IP Address,71.10.42.172,100,87,True,2020-05-06 17:43:37,R_sU2eYkMBNVtL59T,,,,,43.264892578125,-83.7902984619140625,anonymous,EN,I am very likely to support him,Undecided,"Economy,Gun Policy",2,,1,,3
2020-05-06 17:44:11,2020-05-06 17:45:04,IP Address,100.35.181.161,100,52,True,2020-05-06 17:45:04,R_2fwVOSsr3nAkA4X,,,,,40.3583984375,-74.0680999755859375,anonymous,EN,I may support him,Trump,"Gun Policy,Government Spending/Deficit",3,,2,,1
2020-05-06 17:44:45,2020-05-06 17:45:12,IP Address,162.154.126.3,100,26,True,2020-05-06 17:45:12,R_3edVKBkANBO2Xh1,,,,,39.109100341796875,-84.6082000732421875,anonymous,EN,I will not support him,Trump,"Economy,Taxation",,,,,
2020-05-06 17:45:38,2020-05-06 17:47:22,IP Address,45.47.81.71,100,104,True,2020-05-06 17:47:22,R_2dm7WrbxIVpOKDN,,,,,43.1571044921875,-76.3280029296875,anonymous,EN,I am very likely to support him,Undecided,"Taxation,Abortion",1,,,2,3
2020-05-06 17:46:21,2020-05-06 17:48:11,IP Address,108.185.144.224,100,110,True,2020-05-06 17:48:11,R_3DhllmjHZASYAw6,,,,,34.0583953857421875,-118.2779998779296875,anonymous,EN,I am very likely to support him,The Libertarian Party nominee,"Healthcare,Economy",1,,3,2,
2020-05-06 17:48:08,2020-05-06 17:49:05,IP Address,162.226.84.252,100,57,True,2020-05-06 17:49:05,R_3iz0JYVzla0d5BS,,,,,35.8014984130859375,-80.896697998046875,anonymous,EN,I am very likely to support him,The Libertarian Party nominee,"Economy,Taxation",,,2,1,3
2020-05-06 17:48:14,2020-05-06 17:49:14,IP Address,115.189.89.142,100,60,True,2020-05-06 17:49:15,R_1JQkdRJp1O8JuyB,,,,,-36.8506011962890625,174.767913818359375,anonymous,EN,I am very likely to support him,Undecided,"Economy,Taxation",1,3,,2,
2020-05-06 17:48:11,2020-05-06 17:50:08,IP Address,23.124.193.113,100,116,True,2020-05-06 17:50:09,R_1CqmA4e2JI7i5vG,,,,,34.1282958984375,-118.05139923095703125,anonymous,EN,I am very likely to support him,The Libertarian Party nominee,"Healthcare,Government Spending/Deficit",,,3,2,1
2020-05-06 17:53:09,2020-05-06 17:54:41,IP Address,76.170.84.166,100,91,True,2020-05-06 17:54:41,R_phGtgVxY3wImRMJ,,,,,33.8159942626953125,-117.96920013427734375,anonymous,EN,I am very likely to support him,I probably would not have voted,"National Security/Foreign Policy,Government Spending/Deficit",,3,,1,2
2020-05-06 17:54:22,2020-05-06 17:55:22,IP Address,107.77.221.69,100,60,True,2020-05-06 17:55:23,R_21F17Izq9ChAmIq,,,,,29.9199981689453125,-95.56079864501953125,anonymous,EN,I am very likely to support him,The Libertarian Party nominee,"Economy,Abortion",1,2,,,3
2020-05-06 17:54:56,2020-05-06 17:57:55,IP Address,100.16.223.209,100,178,True,2020-05-06 17:57:55,R_2fesPt7QMKSZ6Wp,,,,,39.170196533203125,-76.85379791259765625,anonymous,EN,I may support him,The Libertarian Party nominee,"Healthcare,Government Spending/Deficit",2,,1,,3
2020-05-06 17:57:43,2020-05-06 18:00:12,IP Address,107.218.205.183,100,149,True,2020-05-06 18:00:13,R_3huOBcvl8HsXGzC,,,,,38.9683074951171875,-95.269500732421875,anonymous,EN,I am very likely to support him,The Libertarian Party nominee,"Economy,Taxation",,,1,2,3
2020-05-06 18:04:02,2020-05-06 18:05:11,IP Address,72.78.143.131,100,68,True,2020-05-06 18:05:11,R_Uu2LTSIR7mSCvKx,,,,,40.0558013916015625,-75.077301025390625,anonymous,EN,I may support him,Trump,"Taxation,Abortion",2,,3,1,
2020-05-06 18:04:29,2020-05-06 18:05:54,IP Address,174.245.81.143,100,84,True,2020-05-06 18:05:55,R_3Ljva3tg9e242IV,,,,,35.1934967041015625,-80.82720184326171875,anonymous,EN,I am very likely to support him,The Libertarian Party nominee,"Criminal Justice,Government Spending/Deficit",1,,,3,2
2020-05-06 18:04:45,2020-05-06 18:06:24,IP Address,172.7.162.228,100,99,True,2020-05-06 18:06:24,R_3IcKTLcUDhlH8AO,,,,,32.9163970947265625,-117.1392974853515625,anonymous,EN,I am very likely to support him,The Libertarian Party nominee,"Gun Policy,Government Spending/Deficit",1,2,3,,
2020-05-06 18:08:16,2020-05-06 18:09:20,IP Address,76.106.225.164,100,64,True,2020-05-06 18:09:20,R_sgGYJkxREmnpof7,,,,,30.1609954833984375,-81.73110198974609375,anonymous,EN,I am very likely to support him,The Libertarian Party nominee,"National Security/Foreign Policy,Government Spending/Deficit",,2,1,3,
2020-05-06 18:08:20,2020-05-06 18:09:56,IP Address,99.203.187.183,100,95,True,2020-05-06 18:09:56,R_1f9o8ycSivDpugb,,,,,41.0841064453125,-81.52210235595703125,anonymous,EN,I am very likely to support him,The Libertarian Party nominee,"Government Spending/Deficit,Abortion",1,,2,,3
2020-05-06 18:09:37,2020-05-06 18:10:44,IP Address,172.56.21.216,100,66,True,2020-05-06 18:10:44,R_1jexFw8uSbGunIp,,,,,36.105194091796875,-86.6591033935546875,anonymous,EN,I am very likely to support him,The Libertarian Party nominee,"Healthcare,Government Spending/Deficit",1,2,3,,
2020-05-06 18:11:44,2020-05-06 18:13:10,IP Address,99.203.15.79,100,86,True,2020-05-06 18:13:10,R_22QbTepb0DEuMjo,,,,,41.848297119140625,-87.651702880859375,anonymous,EN,I am very likely to support him,I probably would not have voted,"National Security/Foreign Policy,Economy",1,,2,,3
2020-05-06 18:15:27,2020-05-06 18:16:55,IP Address,98.111.192.70,100,87,True,2020-05-06 18:16:55,R_UQqbJLVPUAI5W81,,,,,40.368499755859375,-80.0503997802734375,anonymous,EN,I am very likely to support him,Undecided,"National Security/Foreign Policy,Gun Policy",3,,1,,2
2020-05-06 18:15:13,2020-05-06 18:16:58,IP Address,174.198.3.61,100,104,True,2020-05-06 18:16:58,R_1DoI1Sh57Kj88RA,,,,,40.07110595703125,-75.20510101318359375,anonymous,EN,I may support him,Biden,"Healthcare,National Security/Foreign Policy",2,,1,3,
2020-05-06 18:16:09,2020-05-06 18:17:40,IP Address,67.240.231.252,100,91,True,2020-05-06 18:17:40,R_1qexebpWvG260fB,,,,,43.1157989501953125,-75.3047027587890625,anonymous,EN,I am very likely to support him,Trump,"Economy,Gun Policy",1,,2,,3
2020-05-06 18:16:56,2020-05-06 18:17:47,IP Address,184.170.174.49,100,50,True,2020-05-06 18:17:47,R_1IMYaB3xLTEQa7t,,,,,39.5991973876953125,-86.12999725341796875,anonymous,EN,I am very likely to support him,The Libertarian Party nominee,"Gun Policy,Government Spending/Deficit",1,,2,,3
2020-05-06 18:16:23,2020-05-06 18:17:52,IP Address,72.175.97.213,100,88,True,2020-05-06 18:17:52,R_2XiVMv8j0RXUTvy,,,,,46.852203369140625,-114.02140045166015625,anonymous,EN,I am very likely to support him,The Libertarian Party nominee,"Criminal Justice,Gun Policy",1,,3,2,
2020-05-06 18:18:06,2020-05-06 18:19:45,IP Address,73.11.75.90,100,98,True,2020-05-06 18:19:45,R_3ek8wJhiX6vhJnC,,,,,46.147796630859375,-122.971099853515625,anonymous,EN,I may support him,Other/write-in,"Economy,Government Spending/Deficit",,,2,3,1
2020-05-06 18:18:34,2020-05-06 18:19:56,IP Address,100.6.165.108,100,82,True,2020-05-06 18:19:57,R_1rxgUW4QxhIJmsY,,,,,40.3964996337890625,-80.04419708251953125,anonymous,EN,I am very likely to support him,Trump,"National Security/Foreign Policy,Government Spending/Deficit",1,,3,,2
2020-05-06 18:23:51,2020-05-06 18:25:13,IP Address,209.107.190.198,100,82,True,2020-05-06 18:25:13,R_RgVGoTzzp2whxNn,,,,,40.7252044677734375,-73.944000244140625,anonymous,EN,I am very likely to support him,The Libertarian Party nominee,"Immigration,Minority Rights",2,1,3,,
2020-05-06 18:24:26,2020-05-06 18:25:23,IP Address,98.32.76.75,100,57,True,2020-05-06 18:25:23,R_2VqgihTAaxiwvnt,,,,,40.5084075927734375,-111.88379669189453125,anonymous,EN,I am very likely to support him,Trump,"Taxation,Abortion",1,3,2,,
2020-05-06 18:24:24,2020-05-06 18:25:39,IP Address,72.194.83.251,100,75,True,2020-05-06 18:25:39,R_2q8kpIQBZyzP0rG,,,,,33.5157012939453125,-117.71089935302734375,anonymous,EN,I am very likely to support him,The Libertarian Party nominee,"National Security/Foreign Policy,Economy",3,2,1,,
2020-05-06 18:25:01,2020-05-06 18:25:53,IP Address,72.83.67.172,100,52,True,2020-05-06 18:25:53,R_2BhBWxxCpCApWEa,,,,,38.984100341796875,-77.3672027587890625,anonymous,EN,I cannot vote,The Libertarian Party nominee,"Economy,Taxation",1,,2,,
2020-05-06 18:25:15,2020-05-06 18:26:33,IP Address,184.166.171.109,100,77,True,2020-05-06 18:26:33,R_8pHNFiHYqjgFDwZ,,,,,48.1999053955078125,-114.30339813232421875,anonymous,EN,I am very likely to support him,The Libertarian Party nominee,"Taxation,Government Spending/Deficit",2,,3,,1
2020-05-06 18:27:07,2020-05-06 18:28:30,IP Address,73.5.135.61,100,82,True,2020-05-06 18:28:30,R_1QykCqUmLjbjwFM,,,,,44.9174041748046875,-92.9477996826171875,anonymous,EN,I am very likely to support him,The Libertarian Party nominee,"Taxation,Government Spending/Deficit",3,2,,,1
2020-05-06 18:27:50,2020-05-06 18:29:14,IP Address,24.130.63.159,100,84,True,2020-05-06 18:29:14,R_DBhQZduFk2WWJUt,,,,,37.3773040771484375,-122.01940155029296875,anonymous,EN,I am very likely to support him,Trump,"Taxation,Government Spending/Deficit",1,,2,3,
2020-05-06 18:30:21,2020-05-06 18:31:18,IP Address,68.66.21.208,100,57,True,2020-05-06 18:31:19,R_1NxpUWe6ARbHo0v,,,,,41.99530029296875,-83.95549774169921875,anonymous,EN,I cannot vote,I probably would not have voted,"Economy,Gun Policy",3,2,,,1
2020-05-06 18:30:48,2020-05-06 18:32:43,IP Address,76.181.45.163,100,114,True,2020-05-06 18:32:43,R_1onxv5ZZAJaNWiR,,,,,39.8025970458984375,-84.01540374755859375,anonymous,EN,I am very likely to support him,Undecided,"Taxation,Government Spending/Deficit",1,3,,,2
2020-05-06 18:32:38,2020-05-06 18:33:37,IP Address,107.77.197.235,100,59,True,2020-05-06 18:33:37,R_30rfjjeOQynsDpb,,,,,33.2339019775390625,-96.79810333251953125,anonymous,EN,I am very likely to support him,The Libertarian Party nominee,"Gun Policy,Abortion",1,2,3,,
2020-05-06 18:34:52,2020-05-06 18:36:07,IP Address,107.218.205.183,100,75,True,2020-05-06 18:36:08,R_3KYHcSyM8jVe9Ry,,,,,38.9683074951171875,-95.269500732421875,anonymous,EN,I am very likely to support him,The Libertarian Party nominee,"Taxation,Government Spending/Deficit",2,1,3,,
2020-05-06 18:39:34,2020-05-06 18:40:39,IP Address,64.108.135.47,100,65,True,2020-05-06 18:40:40,R_ah0eT0FsQrb2fkt,,,,,30.31219482421875,-81.72429656982421875,anonymous,EN,I am very likely to support him,Undecided,"Economy,Government Spending/Deficit",1,,3,2,
2020-05-06 18:46:03,2020-05-06 18:46:51,IP Address,72.214.45.174,100,48,True,2020-05-06 18:46:52,R_2BsbPMjmgY9pig1,,,,,38.8990020751953125,-77.19190216064453125,anonymous,EN,I am very likely to support him,The Libertarian Party nominee,"Criminal Justice,Government Spending/Deficit",2,1,,,
2020-05-06 18:44:55,2020-05-06 18:47:46,IP Address,70.136.18.89,100,171,True,2020-05-06 18:47:47,R_56Jli8aDlUpmv1n,,,,,33.8332061767578125,-84.6031036376953125,anonymous,EN,I am truly undecided,The Libertarian Party nominee,"National Security/Foreign Policy,Government Spending/Deficit",1,2,,,3
2020-05-06 18:46:40,2020-05-06 18:47:50,IP Address,24.22.253.74,100,69,True,2020-05-06 18:47:50,R_1Nn8n2qBkqsHsKs,,,,,48.3643035888671875,-122.1403045654296875,anonymous,EN,I am very likely to support him,The Libertarian Party nominee,"Taxation,Gun Policy",1,,2,,3
2020-05-06 18:52:29,2020-05-06 18:53:56,IP Address,193.56.117.130,100,86,True,2020-05-06 18:53:56,R_2a9PsPpo8ggzErJ,,,,,32.7787017822265625,-96.8217010498046875,anonymous,EN,I am very likely to support him,The Libertarian Party nominee,"Criminal Justice,Gun Policy",2,3,,,1
2020-05-06 18:55:05,2020-05-06 18:56:00,IP Address,66.24.195.246,100,55,True,2020-05-06 18:56:00,R_Y6rxWFXU543lVlL,,,,,43.18060302734375,-77.5948028564453125,anonymous,EN,I am very likely to support him,I probably would not have voted,"Economy,Taxation",,,1,3,2
2020-05-06 18:54:15,2020-05-06 18:56:04,IP Address,76.236.95.171,100,108,True,2020-05-06 18:56:04,R_WlEm2KhEFKOJpMR,,,,,41.648895263671875,-83.60150146484375,anonymous,EN,I am very likely to support him,The Libertarian Party nominee,"Gun Policy,Government Spending/Deficit",1,,2,3,
2020-05-06 19:00:09,2020-05-06 19:00:50,IP Address,108.54.203.246,100,40,True,2020-05-06 19:00:50,R_2dzkRNkJaxnA9PC,,,,,40.66729736328125,-73.45929718017578125,anonymous,EN,I am very likely to support him,Biden,"Economy,Taxation",2,,3,1,
2020-05-06 18:59:35,2020-05-06 19:01:43,IP Address,174.195.1.98,100,128,True,2020-05-06 19:01:43,R_1nYLDsRxDoRNUcR,,,,,35.539703369140625,-82.51509857177734375,anonymous,EN,I may support him,The Libertarian Party nominee,"National Security/Foreign Policy,Government Spending/Deficit",2,1,3,,
2020-05-06 19:00:50,2020-05-06 19:02:06,IP Address,76.177.200.248,100,76,True,2020-05-06 19:02:06,R_2RQtxMgmltejorH,,,,,39.9275054931640625,-82.00319671630859375,anonymous,EN,I am very likely to support him,The Libertarian Party nominee,"Economy,Taxation",1,2,3,,
2020-05-06 19:02:27,2020-05-06 19:04:46,IP Address,70.130.99.58,100,139,True,2020-05-06 19:04:46,R_Og2BPxl9tTXFgRj,,,,,34.632293701171875,-89.885498046875,anonymous,EN,I am very likely to support him,Trump,"National Security/Foreign Policy,Government Spending/Deficit",,2,,3,1
2020-05-06 19:05:18,2020-05-06 19:06:36,IP Address,66.27.70.213,100,78,True,2020-05-06 19:06:36,R_2cbdEDxwSYJx9g0,,,,,32.9510955810546875,-117.22409820556640625,anonymous,EN,I may support him,Trump,"Economy,Gun Policy",1,,3,,2
2020-05-06 19:07:41,2020-05-06 19:08:58,IP Address,98.152.1.202,100,77,True,2020-05-06 19:08:58,R_cTK2BSAAW9Cv0vD,,,,,34.0648040771484375,-118.44139862060546875,anonymous,EN,I am truly undecided,Undecided,"Economy,Abortion",,3,1,,2
2020-05-06 19:08:40,2020-05-06 19:09:36,IP Address,198.252.245.234,100,55,True,2020-05-06 19:09:36,R_2dszfoaeXuimhfH,,,,,36.837493896484375,-76.09760284423828125,anonymous,EN,I am very likely to support him,I probably would not have voted,"National Security/Foreign Policy,Economy",3,2,1,,
2020-05-06 19:08:46,2020-05-06 19:10:08,IP Address,73.131.5.211,100,82,True,2020-05-06 19:10:08,R_6mtutdZAjwVCvV7,,,,,32.821502685546875,-80.05680084228515625,anonymous,EN,I am very likely to support him,The Libertarian Party nominee,"Criminal Justice,Government Spending/Deficit",1,,3,2,
2020-05-06 19:08:44,2020-05-06 19:10:15,IP Address,174.204.132.249,100,90,True,2020-05-06 19:10:15,R_1kFztIpdctDna7o,,,,,37.751007080078125,-97.82199859619140625,anonymous,EN,I am very likely to support him,Undecided,"Gun Policy,Government Spending/Deficit",1,2,,,3
2020-05-06 19:09:04,2020-05-06 19:12:44,IP Address,71.208.16.82,100,219,True,2020-05-06 19:12:44,R_3lYRbOd1IE45Pfo,,,,,26.593597412109375,-81.66190338134765625,anonymous,EN,I am very likely to support him,The Libertarian Party nominee,"Taxation,Government Spending/Deficit",2,3,1,,
2020-05-06 19:12:33,2020-05-06 19:13:53,IP Address,69.127.23.149,100,79,True,2020-05-06 19:13:53,R_3k5PocBMxE84BCG,,,,,40.7801055908203125,-73.24579620361328125,anonymous,EN,I am very likely to support him,The Libertarian Party nominee,"Taxation,Gun Policy",1,,,2,3
2020-05-06 19:12:47,2020-05-06 19:14:22,IP Address,173.77.2.155,100,94,True,2020-05-06 19:14:22,R_b8f1WZERjhjqze1,,,,,40.69140625,-73.372802734375,anonymous,EN,I am very likely to support him,The Libertarian Party nominee,"National Security/Foreign Policy,Education Policy",1,2,,,3
2020-05-06 19:12:50,2020-05-06 19:14:48,IP Address,70.122.4.11,100,117,True,2020-05-06 19:14:48,R_1QLX6mz24zzNi9u,,,,,30.5153961181640625,-97.6688995361328125,anonymous,EN,I may support him,Trump,"Gun Policy,Government Spending/Deficit",2,,1,,3
2020-05-06 19:13:46,2020-05-06 19:15:00,IP Address,68.186.145.247,100,73,True,2020-05-06 19:15:00,R_2fpWmiECBlpg2lT,,,,,36.1732025146484375,-85.4535980224609375,anonymous,EN,I am very likely to support him,Trump,"Government Spending/Deficit,Abortion",3,,2,1,
2020-05-06 19:14:15,2020-05-06 19:15:28,IP Address,24.113.203.102,100,72,True,2020-05-06 19:15:28,R_spzzP2rv5TsIYpP,,,,,47.6620941162109375,-122.6981048583984375,anonymous,EN,I may support him,Other/write-in,"Criminal Justice,Climate Change",,,1,3,2
2020-05-06 19:18:57,2020-05-06 19:20:10,IP Address,107.77.201.138,100,73,True,2020-05-06 19:20:10,R_293KshPasgunX7T,,,,,37.751007080078125,-97.82199859619140625,anonymous,EN,I cannot vote,I probably would not have voted,"National Security/Foreign Policy,Gun Policy",,1,3,,2
2020-05-06 19:23:09,2020-05-06 19:24:37,IP Address,173.171.163.139,100,88,True,2020-05-06 19:24:37,R_31KOENBYZADHVKd,,,,,27.93499755859375,-82.377197265625,anonymous,EN,I am very likely to support him,The Libertarian Party nominee,"Gun Policy,Government Spending/Deficit",,,1,2,3
2020-05-06 19:23:38,2020-05-06 19:24:52,IP Address,97.92.244.57,100,74,True,2020-05-06 19:24:53,R_1GDNB0wd0Mi0mrg,,,,,38.5847930908203125,-90.29959869384765625,anonymous,EN,I may support him,Trump,"Economy,Government Spending/Deficit",3,,,2,1
2020-05-06 19:25:11,2020-05-06 19:26:28,IP Address,98.192.168.161,100,76,True,2020-05-06 19:26:28,R_2gl71LqiuMnfpeN,,,,,36.8271942138671875,-119.6804962158203125,anonymous,EN,I am very likely to support him,The Libertarian Party nominee,"Gun Policy,Climate Change",1,3,,,2
2020-05-06 19:23:55,2020-05-06 19:26:33,IP Address,173.56.99.180,100,158,True,2020-05-06 19:26:34,R_1gpdSO1noyrSMB7,,,,,40.6739959716796875,-73.97010040283203125,anonymous,EN,I am very likely to support him,The Libertarian Party nominee,"Criminal Justice,Government Spending/Deficit",1,,2,,3
2020-05-06 19:36:16,2020-05-06 19:37:29,IP Address,64.121.69.49,100,72,True,2020-05-06 19:37:29,R_51nxQxRHMeLnLA5,,,,,40.595001220703125,-75.528900146484375,anonymous,EN,I may support him,The Libertarian Party nominee,"Gun Policy,Abortion",1,,2,,3
2020-05-06 19:39:45,2020-05-06 19:41:13,IP Address,98.196.201.187,100,87,True,2020-05-06 19:41:13,R_2dMhuswFQJ5kcpv,,,,,29.738800048828125,-95.830902099609375,anonymous,EN,I may support him,Undecided,"Economy,Taxation",1,,3,,2
2020-05-06 19:42:59,2020-05-06 19:43:59,IP Address,98.113.168.10,100,59,True,2020-05-06 19:43:59,R_0U4F5rBtOoIKzaF,,,,,40.7263031005859375,-73.9817962646484375,anonymous,EN,I may support him,Trump,"Economy,Government Spending/Deficit",1,,,,
2020-05-06 19:44:03,2020-05-06 19:45:33,IP Address,66.168.60.114,100,89,True,2020-05-06 19:45:33,R_3dPJBN8YBCo9kzg,,,,,42.671295166015625,-89.0070037841796875,anonymous,EN,I am very likely to support him,The Libertarian Party nominee,"Taxation,Government Spending/Deficit",2,,1,,3
2020-05-06 19:43:05,2020-05-06 19:46:02,IP Address,67.162.232.35,100,176,True,2020-05-06 19:46:02,R_247dtcC31yxzahe,,,,,39.3406982421875,-76.67530059814453125,anonymous,EN,I am very likely to support him,The Libertarian Party nominee,"Criminal Justice,Government Spending/Deficit",1,,2,,3
2020-05-06 19:45:46,2020-05-06 19:47:34,IP Address,107.136.71.199,100,107,True,2020-05-06 19:47:34,R_3JF6H39NfxfdadE,,,,,39.125396728515625,-94.96050262451171875,anonymous,EN,I am very likely to support him,The Libertarian Party nominee,"National Security/Foreign Policy,Government Spending/Deficit",1,2,,,3
2020-05-06 19:53:08,2020-05-06 19:54:18,IP Address,172.58.221.202,100,70,True,2020-05-06 19:54:19,R_zSxtWKryNtcYva9,,,,,41.18499755859375,-73.1999969482421875,anonymous,EN,I am very likely to support him,The Libertarian Party nominee,"National Security/Foreign Policy,Economy",,3,1,,2
2020-05-06 19:58:48,2020-05-06 20:01:49,IP Address,155.98.132.6,100,181,True,2020-05-06 20:01:50,R_3Jad1a5Ood6X3xs,,,,,40.7545013427734375,-111.88300323486328125,anonymous,EN,I am very likely to support him,The Libertarian Party nominee,"Gun Policy,Government Spending/Deficit",3,,2,,1
2020-05-06 20:01:49,2020-05-06 20:02:46,IP Address,184.54.143.3,100,56,True,2020-05-06 20:02:46,R_21HuDdueGWar1lK,,,,,39.0968017578125,-84.1488037109375,anonymous,EN,I am very likely to support him,The Libertarian Party nominee,"Taxation,Gun Policy",1,,,2,3
2020-05-06 20:02:05,2020-05-06 20:04:03,IP Address,206.214.51.173,100,117,True,2020-05-06 20:04:03,R_2Wu4Iy8omSU9Mz5,,,,,47.2122955322265625,-123.09709930419921875,anonymous,EN,I am very likely to support him,The Libertarian Party nominee,"Gun Policy,Government Spending/Deficit",,3,,2,1
2020-05-06 20:03:31,2020-05-06 20:04:54,IP Address,72.24.203.35,100,83,True,2020-05-06 20:04:54,R_2VPaJDUcgvP0AGH,,,,,37.0970001220703125,-94.509002685546875,anonymous,EN,I am truly undecided,The Libertarian Party nominee,"Taxation,Gun Policy",3,2,,,1
2020-05-06 20:04:39,2020-05-06 20:06:23,IP Address,107.77.202.141,100,103,True,2020-05-06 20:06:23,R_3M9aVEqWOjIuwog,,,,,38.9673004150390625,-77.06839752197265625,anonymous,EN,I am very likely to support him,Biden,"Climate Change,Government Spending/Deficit",,,1,2,
2020-05-06 20:05:01,2020-05-06 20:07:05,IP Address,98.194.39.89,100,123,True,2020-05-06 20:07:05,R_2pYlgLPMbQXabbA,,,,,29.5717926025390625,-95.13050079345703125,anonymous,EN,I may support him,Biden,"Immigration,Government Spending/Deficit",3,,,1,2
2020-05-06 20:09:12,2020-05-06 20:10:17,IP Address,107.77.204.100,100,64,True,2020-05-06 20:10:17,R_2EzOB1Ob0nyvb3S,,,,,38.8262939453125,-77.21109771728515625,anonymous,EN,I am very likely to support him,Trump,"Taxation,Government Spending/Deficit",1,,2,3,
2020-05-06 20:17:31,2020-05-06 20:18:46,IP Address,172.11.75.53,100,75,True,2020-05-06 20:18:47,R_Y3742qboQyqYLxT,,,,,42.3520050048828125,-88.05500030517578125,anonymous,EN,I am very likely to support him,The Libertarian Party nominee,"Government Spending/Deficit,Abortion",1,,,3,2
2020-05-06 20:20:08,2020-05-06 20:20:51,IP Address,70.106.190.65,100,42,True,2020-05-06 20:20:51,R_yCMf4Ly1vJQwj17,,,,,39.197296142578125,-78.0941009521484375,anonymous,EN,I may support him,Undecided,"Healthcare,Economy",1,,,2,3
2020-05-06 20:22:24,2020-05-06 20:23:16,IP Address,108.204.104.245,100,51,True,2020-05-06 20:23:16,R_21dFUuF8ZVCu1Fg,,,,,42.0095977783203125,-87.69280242919921875,anonymous,EN,I am very likely to support him,Trump,"National Security/Foreign Policy,Abortion",2,1,,3,
2020-05-06 20:24:45,2020-05-06 20:26:31,IP Address,174.238.8.112,100,105,True,2020-05-06 20:26:31,R_bxAYH2QB2ZmCqad,,,,,33.5594024658203125,-112.09020233154296875,anonymous,EN,I am very likely to support him,I probably would not have voted,"National Security/Foreign Policy,Economy",3,1,,2,
2020-05-06 20:26:25,2020-05-06 20:28:13,IP Address,24.253.229.127,100,107,True,2020-05-06 20:28:13,R_1pGq89oQBCIJbUe,,,,,35.4304046630859375,-97.39620208740234375,anonymous,EN,I am very likely to support him,The Libertarian Party nominee,"Gun Policy,Government Spending/Deficit",1,2,3,,
2020-05-06 20:29:26,2020-05-06 20:30:48,IP Address,75.46.157.243,100,82,True,2020-05-06 20:30:48,R_1pXbnFohLZ4qtOr,,,,,33.7407989501953125,-84.2631988525390625,anonymous,EN,I may support him,Undecided,"National Security/Foreign Policy,Government Spending/Deficit",,,1,3,2
2020-05-06 20:29:36,2020-05-06 20:32:04,IP Address,96.37.238.68,100,147,True,2020-05-06 20:32:04,R_qC9hZbV2qlk7LfH,,,,,34.798095703125,-82.39589691162109375,anonymous,EN,I may support him,Undecided,"Healthcare,Universal Basic Income",,3,1,,2
2020-05-06 20:34:15,2020-05-06 20:35:09,IP Address,172.58.77.74,100,54,True,2020-05-06 20:35:10,R_ZCg8LlaASCkUkbT,,,,,40.6981048583984375,-111.99990081787109375,anonymous,EN,I am very likely to support him,Trump,"Healthcare,Government Spending/Deficit",,,2,1,3
2020-05-06 20:35:10,2020-05-06 20:36:36,IP Address,24.127.129.178,100,86,True,2020-05-06 20:36:36,R_3kpJvHrsy1VwV00,,,,,42.5596923828125,-83.113800048828125,anonymous,EN,I may support him,Biden,"Universal Basic Income,Government Spending/Deficit",3,,1,2,
2020-05-06 20:35:48,2020-05-06 20:37:06,IP Address,47.132.208.169,100,78,True,2020-05-06 20:37:06,R_yrl4eO3YWuUivKx,,,,,36.853607177734375,-76.46900177001953125,anonymous,EN,I am very likely to support him,The Libertarian Party nominee,"Gun Policy,Government Spending/Deficit",,,2,1,3
2020-05-06 20:37:54,2020-05-06 20:39:41,IP Address,68.203.139.8,100,107,True,2020-05-06 20:39:41,R_1kZhubThbV7YgUa,,,,,33.003204345703125,-96.54340362548828125,anonymous,EN,I am very likely to support him,Biden,"Criminal Justice,Government Spending/Deficit",1,2,3,,
2020-05-06 20:39:01,2020-05-06 20:40:39,IP Address,172.85.8.140,100,97,True,2020-05-06 20:40:39,R_2arAgygUoC4htCI,,,,,25.9441986083984375,-80.14060211181640625,anonymous,EN,I may support him,The Libertarian Party nominee,"National Security/Foreign Policy,Economy",,,2,3,1
2020-05-06 20:38:56,2020-05-06 20:41:00,IP Address,174.196.205.40,100,123,True,2020-05-06 20:41:00,R_3Rl9NY5mm0HVjcD,,,,,42.364898681640625,-71.09870147705078125,anonymous,EN,I am very likely to support him,Trump,"Economy,Taxation",2,,,,1
2020-05-06 20:39:02,2020-05-06 20:42:12,IP Address,73.6.209.107,100,189,True,2020-05-06 20:42:12,R_ZeixHJaThcVhW5b,,,,,29.738800048828125,-95.830902099609375,anonymous,EN,I am very likely to support him,The Libertarian Party nominee,"Economy,Government Spending/Deficit",1,,2,3,
2020-05-06 20:42:59,2020-05-06 20:43:51,IP Address,64.193.94.25,100,52,True,2020-05-06 20:43:51,R_3BO9qkZwTKOJimt,,,,,36.53460693359375,-119.390899658203125,anonymous,EN,I am very likely to support him,The Libertarian Party nominee,"Taxation,Gun Policy",2,,1,,3
2020-05-06 20:44:29,2020-05-06 20:45:18,IP Address,23.252.56.120,100,49,True,2020-05-06 20:45:19,R_1Pctt50KxzuMRHk,,,,,47.6674041748046875,-122.3701019287109375,anonymous,EN,I am very likely to support him,The Libertarian Party nominee,"National Security/Foreign Policy,Government Spending/Deficit",1,2,3,,
2020-05-06 20:45:00,2020-05-06 20:45:47,IP Address,67.169.217.188,100,46,True,2020-05-06 20:45:47,R_wO9LAIvQeW1Wu65,,,,,45.350006103515625,-122.85589599609375,anonymous,EN,I am very likely to support him,The Libertarian Party nominee,"Taxation,Abortion",3,,2,,1
2020-05-06 20:46:40,2020-05-06 20:49:54,IP Address,66.66.72.97,100,193,True,2020-05-06 20:49:54,R_3L86mKoRgoWqmPk,,,,,43.078094482421875,-77.33709716796875,anonymous,EN,I am very likely to support him,The Libertarian Party nominee,"National Security/Foreign Policy,Economy",1,2,,,3
2020-05-06 20:48:07,2020-05-06 20:50:00,IP Address,68.197.4.198,100,112,True,2020-05-06 20:50:00,R_3hcGoH2Lcj1XxxH,,,,,40.8343048095703125,-73.92350006103515625,anonymous,EN,I am very likely to support him,Trump,"Immigration,Gun Policy",2,3,1,,
2020-05-06 20:53:41,2020-05-06 20:55:19,IP Address,174.234.146.207,100,97,True,2020-05-06 20:55:19,R_uybFVlLUm47UHcJ,,,,,38.5753021240234375,-90.26509857177734375,anonymous,EN,I am very likely to support him,Other/write-in,"Taxation,Gun Policy",2,,1,,3
2020-05-06 20:53:26,2020-05-06 20:55:36,IP Address,73.161.220.221,100,129,True,2020-05-06 20:55:36,R_XU14XDwydIsAewp,,,,,42.973297119140625,-85.72859954833984375,anonymous,EN,I am very likely to support him,The Libertarian Party nominee,"Taxation,Government Spending/Deficit",1,2,3,,
2020-05-06 20:58:53,2020-05-06 20:59:41,IP Address,107.77.215.82,100,47,True,2020-05-06 20:59:41,R_10H70Zh3zAzkebT,,,,,26.6414031982421875,-81.69770050048828125,anonymous,EN,I may support him,The Libertarian Party nominee,"Criminal Justice,Gun Policy",,,2,1,3
2020-05-06 21:00:01,2020-05-06 21:01:46,IP Address,76.23.185.86,100,104,True,2020-05-06 21:01:46,R_TvnUu8wPIlLxiKZ,,,,,41.577392578125,-73.02449798583984375,anonymous,EN,I am very likely to support him,The Libertarian Party nominee,"Universal Basic Income,Government Spending/Deficit",3,,,2,1
2020-05-06 21:00:52,2020-05-06 21:02:43,IP Address,174.82.232.223,100,110,True,2020-05-06 21:02:43,R_2bHGtH0Goqh8ZFE,,,,,43.034393310546875,-89.500701904296875,anonymous,EN,I am very likely to support him,Biden,"National Security/Foreign Policy,Climate Change",2,,3,1,
2020-05-06 21:06:07,2020-05-06 21:07:37,IP Address,47.16.114.96,100,90,True,2020-05-06 21:07:38,R_3QREdB7nkkPSSfs,,,,,40.9058074951171875,-73.55609893798828125,anonymous,EN,I may support him,Undecided,"Climate Change,Government Spending/Deficit",,1,2,,3
2020-05-06 21:07:53,2020-05-06 21:09:21,IP Address,173.73.225.191,100,88,True,2020-05-06 21:09:22,R_1qUJ6ZZ9m6mmB7G,,,,,38.8596954345703125,-77.197998046875,anonymous,EN,I am very likely to support him,I probably would not have voted,"Economy,Education Policy",2,,1,,3
2020-05-06 21:13:22,2020-05-06 21:14:41,IP Address,65.128.135.119,100,78,True,2020-05-06 21:14:42,R_2E6MA5g00ZlCtCE,,,,,44.9120941162109375,-93.17169952392578125,anonymous,EN,I am very likely to support him,The Libertarian Party nominee,"Taxation,Government Spending/Deficit",1,2,3,,
2020-05-06 21:20:36,2020-05-06 21:22:30,IP Address,47.39.119.135,100,113,True,2020-05-06 21:22:30,R_1Qsbt54CK6JJu4Y,,,,,34.136993408203125,-118.2375946044921875,anonymous,EN,I am very likely to support him,I probably would not have voted,"Education Policy,Government Spending/Deficit",,,2,1,3
2020-05-06 21:21:29,2020-05-06 21:22:37,IP Address,67.198.38.7,100,67,True,2020-05-06 21:22:37,R_3lLKhz96iKQlP56,,,,,30.2886962890625,-97.73979949951171875,anonymous,EN,I am very likely to support him,The Libertarian Party nominee,"Economy,Government Spending/Deficit",2,,3,,1
2020-05-06 21:26:32,2020-05-06 21:27:37,IP Address,69.114.167.172,100,64,True,2020-05-06 21:27:37,R_ZIewNbyk41s4xCV,,,,,40.87030029296875,-73.85250091552734375,anonymous,EN,I am very likely to support him,Biden,"Education Policy,Universal Basic Income",3,,1,,2
2020-05-06 21:25:57,2020-05-06 21:27:42,IP Address,64.85.193.110,100,104,True,2020-05-06 21:27:42,R_2Siu5LBJ8Z1jvSK,,,,,38.93359375,-92.36299896240234375,anonymous,EN,I am very likely to support him,Biden,"Criminal Justice,Climate Change",3,,2,,1
2020-05-06 21:26:37,2020-05-06 21:28:23,IP Address,67.171.52.100,100,105,True,2020-05-06 21:28:23,R_UXveptLue8v7iwN,,,,,47.7678070068359375,-122.1186981201171875,anonymous,EN,I am very likely to support him,The Libertarian Party nominee,"National Security/Foreign Policy,Government Spending/Deficit",2,1,,,3
2020-05-06 21:28:34,2020-05-06 21:29:17,IP Address,172.13.192.159,100,42,True,2020-05-06 21:29:17,R_21u1IeUkFjfXLu5,,,,,38.7261962890625,-90.4470977783203125,anonymous,EN,I may support him,Other/write-in,"Economy,Abortion",2,,3,1,
2020-05-06 21:34:30,2020-05-06 21:35:59,IP Address,47.221.28.97,100,89,True,2020-05-06 21:35:59,R_3CTtIz9anBDwuUj,,,,,30.0493927001953125,-95.191497802734375,anonymous,EN,I am very likely to support him,Trump,"Economy,Taxation",1,,,3,2
2020-05-06 21:37:07,2020-05-06 21:38:40,IP Address,173.17.61.85,100,93,True,2020-05-06 21:38:40,R_2cBdjSZsP6Yr4Ij,,,,,42.03729248046875,-93.60050201416015625,anonymous,EN,I am very likely to support him,The Libertarian Party nominee,"National Security/Foreign Policy,Criminal Justice",,,1,2,
2020-05-06 21:37:29,2020-05-06 21:40:42,IP Address,199.102.55.32,100,193,True,2020-05-06 21:40:42,R_8iWXaoOs4MkaTDP,,,,,32.9073944091796875,-97.42569732666015625,anonymous,EN,I am very likely to support him,Trump,"Economy,Government Spending/Deficit",,,2,3,1
2020-05-06 21:40:11,2020-05-06 21:41:20,IP Address,73.244.69.160,100,69,True,2020-05-06 21:41:21,R_qUiQjllATNUuMet,,,,,25.533294677734375,-80.39730072021484375,anonymous,EN,I am very likely to support him,Biden,"Education Policy,Government Spending/Deficit",2,,,,1
2020-05-06 21:40:13,2020-05-06 21:41:23,IP Address,72.82.129.201,100,69,True,2020-05-06 21:41:23,R_3EuQrL93OaqxKiS,,,,,39.8656005859375,-75.09439849853515625,anonymous,EN,I may support him,Undecided,"Taxation,Abortion",2,,1,,3
2020-05-06 21:40:43,2020-05-06 21:41:34,IP Address,108.31.196.41,100,51,True,2020-05-06 21:41:35,R_Zk5gongj5V09dRf,,,,,38.886505126953125,-77.09110260009765625,anonymous,EN,I am very likely to support him,The Libertarian Party nominee,"Economy,Government Spending/Deficit",2,,3,,1
2020-05-06 21:40:40,2020-05-06 21:42:22,IP Address,68.34.39.224,100,102,True,2020-05-06 21:42:23,R_XXwbIZxtR5N6DEB,,,,,42.8704071044921875,-85.6681976318359375,anonymous,EN,I am very likely to support him,Biden,"Economy,Immigration",1,,2,3,
2020-05-06 21:42:55,2020-05-06 21:44:40,IP Address,174.238.133.155,100,105,True,2020-05-06 21:44:40,R_1j7FJmm9d1TrMsA,,,,,33.35040283203125,-111.7819976806640625,anonymous,EN,I am very likely to support him,Other/write-in,"Taxation,Gun Policy",,3,2,,1
2020-05-06 21:45:55,2020-05-06 21:47:57,IP Address,174.228.133.105,100,122,True,2020-05-06 21:47:57,R_1C70e60Zbvthuq5,,,,,26.6909027099609375,-81.94830322265625,anonymous,EN,I am very likely to support him,The Libertarian Party nominee,"Taxation,Government Spending/Deficit",1,2,,,3
2020-05-06 21:47:36,2020-05-06 21:49:11,IP Address,8.42.77.64,100,95,True,2020-05-06 21:49:12,R_z8Cdcaulq8nSn5v,,,,,40.1558990478515625,-105.1623992919921875,anonymous,EN,I am very likely to support him,The Libertarian Party nominee,"Taxation,Gun Policy",1,,2,,
2020-05-06 22:01:59,2020-05-06 22:03:58,IP Address,71.34.3.88,100,118,True,2020-05-06 22:03:58,R_3s1yet7qSLXkrJs,,,,,44.9398956298828125,-93.25479888916015625,anonymous,EN,I am very likely to support him,The Libertarian Party nominee,"Economy,Taxation",1,,3,2,
2020-05-06 22:02:57,2020-05-06 22:04:10,IP Address,75.68.116.188,100,72,True,2020-05-06 22:04:10,R_cMRSg62ZAqD9saJ,,,,,42.827606201171875,-71.6595001220703125,anonymous,EN,I am very likely to support him,Trump,"Gun Policy,Abortion",2,,1,,3
2020-05-06 22:04:13,2020-05-06 22:05:31,IP Address,208.114.82.14,100,78,True,2020-05-06 22:05:31,R_z0awSlvQ1fWXQit,,,,,35.7942962646484375,-95.22969818115234375,anonymous,EN,I am very likely to support him,Other/write-in,"Criminal Justice,Government Spending/Deficit",3,,2,1,
2020-05-06 22:06:50,2020-05-06 22:09:17,IP Address,172.58.155.217,100,147,True,2020-05-06 22:09:18,R_2cvzqzzhhKBVk2c,,,,,35.2843017578125,-80.76000213623046875,anonymous,EN,I may support him,Trump,"Taxation,Gun Policy",3,2,,,1
2020-05-06 22:13:54,2020-05-06 22:14:57,IP Address,69.39.75.110,100,62,True,2020-05-06 22:14:57,R_0ixTIIzx9EkLkzv,,,,,44.06689453125,-84.05049896240234375,anonymous,EN,I am very likely to support him,Trump,"Gun Policy,Abortion",1,,2,3,
2020-05-06 22:15:24,2020-05-06 22:17:00,IP Address,68.56.74.76,100,95,True,2020-05-06 22:17:00,R_2UaNWbBRPsb1BJz,,,,,42.913299560546875,-85.8144989013671875,anonymous,EN,I am very likely to support him,The Libertarian Party nominee,"Taxation,Government Spending/Deficit",1,3,2,,
2020-05-06 22:19:26,2020-05-06 22:20:44,IP Address,75.168.109.234,100,78,True,2020-05-06 22:20:45,R_2330ZsfZliQjh9h,,,,,44.950897216796875,-93.33660125732421875,anonymous,EN,I am very likely to support him,Undecided,"Economy,Government Spending/Deficit",1,,2,,3
2020-05-06 22:18:53,2020-05-06 22:20:51,IP Address,47.148.35.210,100,117,True,2020-05-06 22:20:51,R_245JAQxc0NDp8Cx,,,,,34.175994873046875,-118.9315948486328125,anonymous,EN,I am very likely to support him,Undecided,"Gun Policy,Government Spending/Deficit",2,,1,3,
2020-05-06 22:22:09,2020-05-06 22:22:58,IP Address,72.15.96.92,100,49,True,2020-05-06 22:22:58,R_DCZ4vt2tbW48rJv,,,,,33.47149658203125,-84.59290313720703125,anonymous,EN,I am very likely to support him,Biden,"Government Spending/Deficit,Abortion",1,,3,,2
2020-05-06 22:25:18,2020-05-06 22:26:25,IP Address,50.25.150.201,100,66,True,2020-05-06 22:26:25,R_25LxeCeK3jxU5g7,,,,,35.62060546875,-77.39440155029296875,anonymous,EN,I am very likely to support him,Undecided,"Education Policy,Government Spending/Deficit",1,,2,,3
2020-05-06 22:29:14,2020-05-06 22:31:03,IP Address,70.241.102.64,100,108,True,2020-05-06 22:31:03,R_2Yf88YVNA1s3okN,,,,,41.9214935302734375,-87.64459991455078125,anonymous,EN,I am very likely to support him,The Libertarian Party nominee,"Taxation,Government Spending/Deficit",3,,1,2,
2020-05-06 22:30:18,2020-05-06 22:31:41,IP Address,108.51.61.72,100,82,True,2020-05-06 22:31:41,R_BWaq6Vux3IuYYEh,,,,,38.760894775390625,-77.15529632568359375,anonymous,EN,I am very likely to support him,Undecided,"Criminal Justice,Government Spending/Deficit",1,2,3,,
2020-05-06 22:34:40,2020-05-06 22:35:25,IP Address,71.183.192.181,100,45,True,2020-05-06 22:35:25,R_2tyZWzMADS1rrKs,,,,,40.7263031005859375,-73.9817962646484375,anonymous,EN,I may support him,I probably would not have voted,"Taxation,Immigration",1,2,,,
2020-05-06 22:38:59,2020-05-06 22:39:55,IP Address,69.123.72.90,100,56,True,2020-05-06 22:39:55,R_2dojjonYrDpJyJI,,,,,40.7050933837890625,-73.2429962158203125,anonymous,EN,I am very likely to support him,I probably would not have voted,"Gun Policy,Government Spending/Deficit",1,,2,,3
2020-05-06 22:40:55,2020-05-06 22:42:11,IP Address,75.7.8.224,100,75,True,2020-05-06 22:42:11,R_2c8EuYwREzMFIqF,,,,,36.0933990478515625,-95.87909698486328125,anonymous,EN,I am truly undecided,Undecided,"Healthcare,National Security/Foreign Policy",,,1,2,3
2020-05-06 22:41:50,2020-05-06 22:43:38,IP Address,99.203.96.122,100,108,True,2020-05-06 22:43:38,R_Z2AbqKZSxz5Aepr,,,,,36.1670989990234375,-86.786102294921875,anonymous,EN,I am very likely to support him,Trump,"Economy,Taxation",,,1,2,3
2020-05-06 22:47:31,2020-05-06 22:48:35,IP Address,178.76.190.197,100,63,True,2020-05-06 22:48:35,R_2vkutDNAG5EOeBN,,,,,48.9340057373046875,8.95269775390625,anonymous,EN,I am very likely to support him,The Libertarian Party nominee,"National Security/Foreign Policy,Government Spending/Deficit",,,1,2,3
2020-05-06 22:55:06,2020-05-06 22:56:00,IP Address,24.253.229.127,100,54,True,2020-05-06 22:56:00,R_21HyIGueVEh6KXC,,,,,35.4304046630859375,-97.39620208740234375,anonymous,EN,I am very likely to support him,The Libertarian Party nominee,"Taxation,Government Spending/Deficit",1,2,3,,
2020-05-06 23:03:02,2020-05-06 23:04:51,IP Address,24.191.82.204,100,109,True,2020-05-06 23:04:52,R_1DTm3iFQppfJrjd,,,,,40.9506072998046875,-74.6128997802734375,anonymous,EN,I am very likely to support him,Undecided,"National Security/Foreign Policy,Government Spending/Deficit",1,2,3,,
2020-05-06 23:05:43,2020-05-06 23:06:41,IP Address,172.114.139.218,100,58,True,2020-05-06 23:06:41,R_r7miWXYnN7omQwN,,,,,33.889892578125,-118.4008026123046875,anonymous,EN,I am very likely to support him,Trump,"Economy,Gun Policy",1,2,3,,
2020-05-06 23:07:56,2020-05-06 23:08:51,IP Address,24.233.67.233,100,54,True,2020-05-06 23:08:51,R_1PZcdD8gUKoF8mh,,,,,42.212493896484375,-70.99610137939453125,anonymous,EN,I may support him,Other/write-in,"Economy,Abortion",,,2,1,3
2020-05-06 23:06:10,2020-05-06 23:08:52,IP Address,208.110.225.233,100,161,True,2020-05-06 23:08:52,R_12DqbAuHbiMzUTt,,,,,44.739898681640625,-93.12490081787109375,anonymous,EN,I am very likely to support him,The Libertarian Party nominee,"Taxation,Gun Policy",1,2,,,3
2020-05-06 23:08:05,2020-05-06 23:10:00,IP Address,68.229.235.93,100,114,True,2020-05-06 23:10:00,R_3lGHyTDPgjJQSqK,,,,,35.62109375,-97.47570037841796875,anonymous,EN,I am very likely to support him,The Libertarian Party nominee,"Economy,Government Spending/Deficit",1,,2,3,
2020-05-06 23:09:23,2020-05-06 23:11:09,IP Address,68.4.237.223,100,105,True,2020-05-06 23:11:10,R_1LZr398cbPxkcsB,,,,,33.6416015625,-117.6898040771484375,anonymous,EN,I am very likely to support him,The Libertarian Party nominee,"Economy,Government Spending/Deficit",1,,2,,3
2020-05-06 23:11:37,2020-05-06 23:14:25,IP Address,166.182.85.24,100,167,True,2020-05-06 23:14:25,R_1OrZn2HZWtp9Rto,,,,,41.6006011962890625,-93.61119842529296875,anonymous,EN,I am very likely to support him,I probably would not have voted,"Criminal Justice,Gun Policy",1,2,3,,
2020-05-06 23:18:04,2020-05-06 23:19:04,IP Address,68.52.101.136,100,59,True,2020-05-06 23:19:04,R_2xQbdo7XuNLJX5g,,,,,36.186798095703125,-86.5066986083984375,anonymous,EN,I may support him,Trump,"Economy,Immigration",2,1,,,3
2020-05-06 23:19:07,2020-05-06 23:20:44,IP Address,162.196.20.238,100,96,True,2020-05-06 23:20:44,R_2ZDeuUkLbCDqXk9,,,,,43.0157928466796875,-85.6331024169921875,anonymous,EN,I am very likely to support him,The Libertarian Party nominee,"Taxation,Government Spending/Deficit",3,,1,2,
2020-05-06 23:28:10,2020-05-06 23:29:01,IP Address,47.233.68.108,100,51,True,2020-05-06 23:29:02,R_DCxlKNxKQCCdEvn,,,,,38.9933013916015625,-92.30780029296875,anonymous,EN,I am very likely to support him,I probably would not have voted,"Climate Change,Abortion",1,,3,,2
2020-05-06 23:39:58,2020-05-06 23:41:17,IP Address,108.231.192.119,100,78,True,2020-05-06 23:41:17,R_3kvTrDpCBa1PX0K,,,,,34.231903076171875,-84.16269683837890625,anonymous,EN,I may support him,Trump,"National Security/Foreign Policy,Gun Policy",1,,2,,
2020-05-06 23:48:25,2020-05-06 23:50:41,IP Address,173.225.193.5,100,136,True,2020-05-06 23:50:42,R_2U8UKC8BwjWQqmh,,,,,43.750701904296875,-85.15470123291015625,anonymous,EN,I may support him,Undecided,"Healthcare,Economy",2,,1,3,
2020-05-06 23:54:49,2020-05-06 23:56:04,IP Address,71.206.189.191,100,75,True,2020-05-06 23:56:04,R_3HCDZPu71Lqqf5C,,,,,38.4474945068359375,-78.86930084228515625,anonymous,EN,I am very likely to support him,The Libertarian Party nominee,"Gun Policy,Government Spending/Deficit",1,,3,,2
2020-05-07 00:02:13,2020-05-07 00:03:35,IP Address,207.195.120.239,100,81,True,2020-05-07 00:03:35,R_2ZQzjLJCInLiWeN,,,,,50.4481048583984375,-104.61260223388671875,anonymous,EN,I am very likely to support him,Undecided,"Economy,Abortion",3,,1,,2
2020-05-07 00:03:35,2020-05-07 00:05:04,IP Address,72.211.186.124,100,88,True,2020-05-07 00:05:04,R_DwQvOzRC06N4MqR,,,,,33.1891937255859375,-111.53150177001953125,anonymous,EN,I am truly undecided,The Libertarian Party nominee,"Taxation,Gun Policy",,,2,3,1
2020-05-07 00:04:33,2020-05-07 00:05:44,IP Address,50.124.21.24,100,70,True,2020-05-07 00:05:44,R_2Sc0VWbCWWnCfDX,,,,,41.8972930908203125,-85.99179840087890625,anonymous,EN,I am very likely to support him,The Libertarian Party nominee,"Criminal Justice,Taxation",,,1,3,2
2020-05-07 00:14:16,2020-05-07 00:15:59,IP Address,72.193.59.124,100,103,True,2020-05-07 00:16:00,R_2wnMFwtzJBOP8Lu,,,,,36.12359619140625,-115.27570343017578125,anonymous,EN,I am very likely to support him,I probably would not have voted,"Economy,Taxation",1,2,,,3
2020-05-07 00:25:39,2020-05-07 00:26:50,IP Address,73.41.200.23,100,71,True,2020-05-07 00:26:50,R_30kGuexvbVq5AWk,,,,,38.6840972900390625,-121.067596435546875,anonymous,EN,I am very likely to support him,Trump,"Economy,Government Spending/Deficit",2,,,3,1
2020-05-07 00:17:49,2020-05-07 00:31:52,IP Address,67.190.123.230,100,842,True,2020-05-07 00:31:53,R_1llY7cX3zQGMSyO,,,,,39.5406951904296875,-104.97080230712890625,anonymous,EN,I am very likely to support him,Undecided,"National Security/Foreign Policy,Government Spending/Deficit",1,,3,,2
2020-05-07 00:32:12,2020-05-07 00:33:43,IP Address,68.131.11.79,100,90,True,2020-05-07 00:33:43,R_3hsy0vzT75DLvF3,,,,,37.1537933349609375,-76.53900146484375,anonymous,EN,I am very likely to support him,The Libertarian Party nominee,"National Security/Foreign Policy,Government Spending/Deficit",2,1,,,3
2020-05-07 00:57:37,2020-05-07 00:57:56,IP Address,71.92.103.243,100,18,True,2020-05-07 00:57:56,R_20UxXNQowu2ZzM7,,,,,46.592193603515625,-120.529998779296875,anonymous,EN,I will not support him,Biden,"Education Policy,Universal Basic Income",,,,,
2020-05-07 00:59:12,2020-05-07 01:00:13,IP Address,174.230.20.60,100,61,True,2020-05-07 01:00:14,R_1DO3CWnpijZFNex,,,,,42.473602294921875,-83.5186004638671875,anonymous,EN,I am very likely to support him,The Libertarian Party nominee,"Criminal Justice,Government Spending/Deficit",2,,1,,3
2020-05-07 00:59:50,2020-05-07 01:03:17,IP Address,162.207.20.241,100,207,True,2020-05-07 01:03:17,R_d59o5giw7TmsnrH,,,,,42.6448974609375,-83.40360260009765625,anonymous,EN,I am very likely to support him,The Libertarian Party nominee,"Criminal Justice,Government Spending/Deficit",1,,3,,2
2020-05-07 01:03:59,2020-05-07 01:05:23,IP Address,209.143.34.214,100,83,True,2020-05-07 01:05:23,R_XEOZZTieCHOBkJz,,,,,40.55780029296875,-84.62529754638671875,anonymous,EN,I am very likely to support him,Trump,"Economy,Climate Change",,,3,2,1
2020-05-07 01:18:31,2020-05-07 01:19:44,IP Address,96.40.52.199,100,72,True,2020-05-07 01:19:45,R_1eFzFasxXaGeD9k,,,,,32.695098876953125,-97.2689971923828125,anonymous,EN,I am very likely to support him,I probably would not have voted,"Healthcare,Government Spending/Deficit",,,1,2,3
2020-05-07 01:20:05,2020-05-07 01:21:41,IP Address,75.188.94.79,100,95,True,2020-05-07 01:21:41,R_VWsbeyWJs93hpoR,,,,,39.907196044921875,-82.75530242919921875,anonymous,EN,I am very likely to support him,Undecided,"National Security/Foreign Policy,Government Spending/Deficit",,,2,1,3
2020-05-07 01:21:31,2020-05-07 01:23:19,IP Address,174.99.97.36,100,107,True,2020-05-07 01:23:20,R_3Ej540xHB4P9l8l,,,,,35.583099365234375,-78.7881011962890625,anonymous,EN,I am very likely to support him,The Libertarian Party nominee,"Universal Basic Income,Government Spending/Deficit",2,3,1,,
2020-05-07 01:24:34,2020-05-07 01:26:15,IP Address,96.60.26.47,100,101,True,2020-05-07 01:26:16,R_3RmjoB8yJ3sgG5N,,,,,37.1363983154296875,-113.50499725341796875,anonymous,EN,I am very likely to support him,Undecided,"National Security/Foreign Policy,Government Spending/Deficit",3,,1,2,
2020-05-07 01:35:51,2020-05-07 01:37:06,IP Address,76.232.121.110,100,74,True,2020-05-07 01:37:06,R_xGCzycqoNKZE1KV,,,,,32.80029296875,-117.243804931640625,anonymous,EN,I am very likely to support him,Biden,"Economy,Immigration",2,3,1,,
2020-05-07 01:51:17,2020-05-07 01:52:43,IP Address,24.166.3.35,100,85,True,2020-05-07 01:52:43,R_3LhEIakFoJZSvrw,,,,,39.6634979248046875,-84.243896484375,anonymous,EN,I am very likely to support him,The Libertarian Party nominee,"National Security/Foreign Policy,Government Spending/Deficit",,2,1,,3
2020-05-07 02:04:14,2020-05-07 02:05:26,IP Address,47.149.216.190,100,71,True,2020-05-07 02:05:26,R_31BeAgYYDUxveFw,,,,,33.7902984619140625,-118.12149810791015625,anonymous,EN,I am very likely to support him,Trump,"Immigration,Government Spending/Deficit",1,2,3,,
2020-05-07 02:16:43,2020-05-07 02:18:09,IP Address,38.126.71.25,100,86,True,2020-05-07 02:18:10,R_1Gvk61Czc4VgAhe,,,,,45.5287933349609375,-122.682098388671875,anonymous,EN,I am very likely to support him,The Libertarian Party nominee,"Gun Policy,Government Spending/Deficit",1,,3,,2
2020-05-07 02:28:39,2020-05-07 02:29:36,IP Address,68.34.253.165,100,57,True,2020-05-07 02:29:36,R_3iUSK9f4LsqQceF,,,,,42.898406982421875,-85.72229766845703125,anonymous,EN,I may support him,Trump,"Economy,Taxation",1,,,,2
2020-05-07 02:41:57,2020-05-07 02:43:16,IP Address,174.222.8.178,100,78,True,2020-05-07 02:43:17,R_1rD2KkffZKOrnJ0,,,,,38.7169036865234375,-121.36769866943359375,anonymous,EN,I may support him,The Libertarian Party nominee,"Economy,Gun Policy",1,,2,,3
2020-05-07 02:46:42,2020-05-07 02:47:34,IP Address,173.235.179.171,100,52,True,2020-05-07 02:47:34,R_3Pc72K6Dy6AO70H,,,,,32.389495849609375,-89.95619964599609375,anonymous,EN,I am very likely to support him,Undecided,"Economy,Gun Policy",1,,2,3,
2020-05-07 03:47:09,2020-05-07 03:48:18,IP Address,71.60.159.133,100,68,True,2020-05-07 03:48:18,R_2DOdY26IhNTOrrw,,,,,40.4405059814453125,-79.99559783935546875,anonymous,EN,I am very likely to support him,Undecided,"Criminal Justice,Immigration",1,2,3,,
2020-05-07 04:28:50,2020-05-07 04:30:08,IP Address,5.193.249.169,100,77,True,2020-05-07 04:30:08,R_9Ex05XITkFjLdtv,,,,,24,54,anonymous,EN,I may support him,Trump,"Taxation,Government Spending/Deficit",2,,3,1,
2020-05-07 04:39:44,2020-05-07 04:41:09,IP Address,68.62.41.159,100,84,True,2020-05-07 04:41:09,R_3fB3j6nzRF8OgjU,,,,,42.67340087890625,-82.77359771728515625,anonymous,EN,I am very likely to support him,Biden,"Taxation,Government Spending/Deficit",1,2,,3,
2020-05-07 04:42:40,2020-05-07 04:44:26,IP Address,136.36.43.87,100,105,True,2020-05-07 04:44:26,R_2wyLwH7dhnaXAUc,,,,,40.2342071533203125,-111.64420318603515625,anonymous,EN,I am very likely to support him,Other/write-in,"Economy,Taxation",1,,2,,3
2020-05-07 04:59:03,2020-05-07 05:01:18,IP Address,76.113.42.207,100,135,True,2020-05-07 05:01:19,R_2V86gAiDfvtpW0x,,,,,35.1349029541015625,-106.64019775390625,anonymous,EN,I may support him,Other/write-in,"National Security/Foreign Policy,Universal Basic Income",,2,3,,1
2020-05-07 05:58:36,2020-05-07 06:00:00,IP Address,69.10.35.171,100,83,True,2020-05-07 06:00:00,R_2am2jPBzrdatUDW,,,,,40.8177032470703125,-73.9770965576171875,anonymous,EN,I am very likely to support him,I probably would not have voted,"National Security/Foreign Policy,Government Spending/Deficit",3,,1,2,
2020-05-07 05:59:08,2020-05-07 06:00:50,IP Address,47.201.57.128,100,102,True,2020-05-07 06:00:51,R_3PoXM06rFatp6zK,,,,,27.1389007568359375,-82.454803466796875,anonymous,EN,I cannot vote,The Libertarian Party nominee,"National Security/Foreign Policy,Economy",2,3,1,,
2020-05-07 06:14:33,2020-05-07 06:16:44,IP Address,69.126.111.3,100,131,True,2020-05-07 06:16:45,R_Tvhe8BVcoeiUAy5,,,,,40.948394775390625,-73.73239898681640625,anonymous,EN,I am very likely to support him,The Libertarian Party nominee,"Taxation,Government Spending/Deficit",1,,2,3,
2020-05-07 06:23:39,2020-05-07 06:24:29,IP Address,83.24.190.230,100,50,True,2020-05-07 06:24:29,R_2S92LLPdwiw8XUT,,,,,52.24920654296875,21.00030517578125,anonymous,EN,I may support him,I probably would not have voted,"Economy,Gun Policy",2,3,,,1
2020-05-07 06:33:59,2020-05-07 06:35:33,IP Address,172.14.89.192,100,94,True,2020-05-07 06:35:34,R_3RkG8TuLT4GQyFG,,,,,38.9528045654296875,-94.47049713134765625,anonymous,EN,I am very likely to support him,The Libertarian Party nominee,"Economy,Government Spending/Deficit",2,,3,,1
2020-05-07 06:50:12,2020-05-07 06:51:58,IP Address,174.194.10.164,100,105,True,2020-05-07 06:51:59,R_23eHmFDdrqRn5cL,,,,,35.291595458984375,-80.820098876953125,anonymous,EN,I am very likely to support him,The Libertarian Party nominee,"Taxation,Climate Change",,,3,2,1
2020-05-07 06:54:52,2020-05-07 06:55:54,IP Address,24.165.200.151,100,62,True,2020-05-07 06:55:55,R_a8KtOVnaH26Vjxf,,,,,41.2306976318359375,-80.4539031982421875,anonymous,EN,I am very likely to support him,Trump,"Economy,Criminal Justice",1,2,3,,
2020-05-07 06:56:13,2020-05-07 06:57:22,IP Address,174.192.3.255,100,69,True,2020-05-07 06:57:22,R_2qDim9mahgRK7KO,,,,,41.7689056396484375,-71.475799560546875,anonymous,EN,I am very likely to support him,The Libertarian Party nominee,"Gun Policy,Government Spending/Deficit",3,,2,,1
2020-05-07 07:25:51,2020-05-07 07:28:22,IP Address,107.77.207.154,100,151,True,2020-05-07 07:28:23,R_2TMhY6tRxrow0F6,,,,,39.768402099609375,-86.15799713134765625,anonymous,EN,I may support him,Biden,"Economy,Climate Change",,,1,,2
2020-05-07 07:35:09,2020-05-07 07:35:52,IP Address,82.197.161.214,100,43,True,2020-05-07 07:35:52,R_Dk7nurA413Mdkf7,,,,,47.41900634765625,8.2733001708984375,anonymous,EN,I am very likely to support him,The Libertarian Party nominee,"Taxation,Government Spending/Deficit",,,1,3,2
2020-05-07 07:39:35,2020-05-07 07:40:47,IP Address,68.228.157.90,100,71,True,2020-05-07 07:40:47,R_25Nrl425B6AvRzB,,,,,41.7041015625,-72.6790008544921875,anonymous,EN,I may support him,Trump,"Economy,Government Spending/Deficit",3,,1,,2
2020-05-07 07:42:14,2020-05-07 07:45:17,IP Address,73.2.195.101,100,182,True,2020-05-07 07:45:18,R_3e8ntWzWKs5pZOQ,,,,,35.2344970703125,-89.85019683837890625,anonymous,EN,I am very likely to support him,Biden,"National Security/Foreign Policy,Education Policy",3,1,2,,
2020-05-07 07:50:28,2020-05-07 07:52:16,IP Address,97.87.226.3,100,107,True,2020-05-07 07:52:16,R_2rHNJXFcdE0xLn4,,,,,42.789306640625,-83.7135009765625,anonymous,EN,I am very likely to support him,I probably would not have voted,"Economy,Criminal Justice",1,3,2,,
2020-05-07 07:51:10,2020-05-07 07:54:15,IP Address,131.93.94.242,100,185,True,2020-05-07 07:54:15,R_3gZpRY2vwc1UTGF,,,,,44.1660003662109375,-87.58319854736328125,anonymous,EN,I am very likely to support him,Undecided,"Criminal Justice,Gun Policy",1,,2,,3
2020-05-07 07:53:03,2020-05-07 07:56:35,IP Address,64.147.36.164,100,212,True,2020-05-07 07:56:35,R_3KCSUtS8kDfpL3m,,,,,40.302703857421875,-99.89969635009765625,anonymous,EN,I am very likely to support him,I probably would not have voted,"National Security/Foreign Policy,Government Spending/Deficit",2,,1,,3
2020-05-07 07:59:45,2020-05-07 08:01:38,IP Address,76.26.200.30,100,112,True,2020-05-07 08:01:38,R_3KOPz4Jw1vJcice,,,,,32.8444976806640625,-79.8242034912109375,anonymous,EN,I am very likely to support him,I probably would not have voted,"Gun Policy,Government Spending/Deficit",3,,,2,1
2020-05-07 08:01:16,2020-05-07 08:02:45,IP Address,172.251.143.192,100,89,True,2020-05-07 08:02:46,R_2fBDV09E40iGwHy,,,,,33.97760009765625,-117.7375030517578125,anonymous,EN,I am very likely to support him,The Libertarian Party nominee,"National Security/Foreign Policy,Gun Policy",2,,1,,3
2020-05-07 08:09:22,2020-05-07 08:10:44,IP Address,108.11.247.48,100,82,True,2020-05-07 08:10:45,R_3PjCIBzMh9IFfMu,,,,,40.2129058837890625,-77.0233001708984375,anonymous,EN,I may support him,Trump,"Economy,Government Spending/Deficit",3,,1,,2
2020-05-07 08:18:43,2020-05-07 08:20:20,IP Address,107.77.203.32,100,96,True,2020-05-07 08:20:20,R_2Bb1fX4aPrxliot,,,,,38.8314971923828125,-77.119903564453125,anonymous,EN,I am very likely to support him,I probably would not have voted,"National Security/Foreign Policy,Government Spending/Deficit",1,,2,3,
2020-05-07 08:45:01,2020-05-07 08:46:08,IP Address,104.166.206.66,100,66,True,2020-05-07 08:46:08,R_2uQlhWNDQWXFRuA,,,,,38.93359375,-92.36299896240234375,anonymous,EN,I am very likely to support him,The Libertarian Party nominee,"National Security/Foreign Policy,Economy",,,2,1,3
2020-05-07 08:46:27,2020-05-07 08:47:34,IP Address,184.98.134.237,100,66,True,2020-05-07 08:47:34,R_3dWjTfW3b0DnU6c,,,,,33.50799560546875,-112.0995025634765625,anonymous,EN,I am very likely to support him,The Libertarian Party nominee,"Criminal Justice,Government Spending/Deficit",1,2,3,,
2020-05-07 09:02:27,2020-05-07 09:04:10,IP Address,8.45.151.148,100,102,True,2020-05-07 09:04:10,R_Uumwme9zWuwCHbb,,,,,47.600799560546875,-122.324798583984375,anonymous,EN,I am very likely to support him,The Libertarian Party nominee,"Taxation,Government Spending/Deficit",1,,3,,2
2020-05-07 09:06:31,2020-05-07 09:08:18,IP Address,136.33.236.176,100,106,True,2020-05-07 09:08:18,R_2qwxR19i07vMLk2,,,,,39.10009765625,-94.5782012939453125,anonymous,EN,I am very likely to support him,Undecided,"National Security/Foreign Policy,Government Spending/Deficit",1,2,,,
2020-05-07 09:07:46,2020-05-07 09:09:38,IP Address,75.48.223.160,100,111,True,2020-05-07 09:09:38,R_3QF6Ox9NyjEYg1T,,,,,42.933197021484375,-85.65309906005859375,anonymous,EN,I am very likely to support him,Biden,"Healthcare,Government Spending/Deficit",1,2,3,,
2020-05-07 09:18:04,2020-05-07 09:19:18,IP Address,75.98.103.40,100,73,True,2020-05-07 09:19:19,R_2v7b76YLWHQqAUV,,,,,37.1136932373046875,-93.2895965576171875,anonymous,EN,I may support him,The Libertarian Party nominee,"Taxation,Government Spending/Deficit",3,,2,1,
2020-05-07 09:23:15,2020-05-07 09:25:04,IP Address,8.48.133.23,100,108,True,2020-05-07 09:25:04,R_124Nwa4mNgTJOYr,,,,,42.29400634765625,-83.31459808349609375,anonymous,EN,I am very likely to support him,The Libertarian Party nominee,"Criminal Justice,Gun Policy",2,,1,,3
2020-05-07 09:37:42,2020-05-07 09:38:45,IP Address,173.25.41.14,100,62,True,2020-05-07 09:38:45,R_UVDc228jGtxGpot,,,,,34.7776947021484375,-86.54450225830078125,anonymous,EN,I am very likely to support him,The Libertarian Party nominee,"Economy,Immigration",1,,3,,2
2020-05-07 10:37:25,2020-05-07 10:38:24,IP Address,74.65.254.41,100,58,True,2020-05-07 10:38:25,R_1qXppNqf6l51tDR,,,,,40.8690948486328125,-73.919097900390625,anonymous,EN,I am very likely to support him,I probably would not have voted,"Economy,Government Spending/Deficit",,3,1,,2
2020-05-07 10:50:35,2020-05-07 10:51:48,IP Address,47.44.111.98,100,72,True,2020-05-07 10:51:48,R_qJkfrJJMbnXAXFD,,,,,42.9228973388671875,-88.84670257568359375,anonymous,EN,I am very likely to support him,Trump,"National Security/Foreign Policy,Economy",2,,1,,3
2020-05-07 10:55:42,2020-05-07 10:57:01,IP Address,104.254.216.17,100,79,True,2020-05-07 10:57:01,R_3FOJrW2uZQ840Yj,,,,,39.9564056396484375,-85.9651031494140625,anonymous,EN,I am very likely to support him,The Libertarian Party nominee,"Economy,Government Spending/Deficit",1,2,3,,
2020-05-07 11:23:24,2020-05-07 11:24:27,IP Address,73.76.16.241,100,62,True,2020-05-07 11:24:27,R_3g6roYIY3tSVHAY,,,,,29.686492919921875,-95.4337005615234375,anonymous,EN,I am very likely to support him,The Libertarian Party nominee,"Taxation,Abortion",1,,3,,2
2020-05-07 11:35:11,2020-05-07 11:36:11,IP Address,24.182.190.174,100,59,True,2020-05-07 11:36:11,R_NVZwxCKHNs1B4pH,,,,,38.7471923828125,-90.724700927734375,anonymous,EN,I am very likely to support him,The Libertarian Party nominee,"National Security/Foreign Policy,Government Spending/Deficit",,2,,,1
2020-05-07 11:41:44,2020-05-07 11:43:15,IP Address,24.22.246.52,100,91,True,2020-05-07 11:43:15,R_bJHfHTXXN8C5Bol,,,,,47.5579071044921875,-122.163299560546875,anonymous,EN,I am very likely to support him,Undecided,"Criminal Justice,Government Spending/Deficit",1,,3,2,
2020-05-07 11:43:12,2020-05-07 11:44:16,IP Address,72.208.55.189,100,63,True,2020-05-07 11:44:16,R_2c15ZU5vqPWhTAJ,,,,,33.7740020751953125,-111.9116973876953125,anonymous,EN,I am very likely to support him,The Libertarian Party nominee,"Economy,Government Spending/Deficit",1,2,3,,
2020-05-07 11:42:56,2020-05-07 11:44:18,IP Address,68.1.182.187,100,81,True,2020-05-07 11:44:18,R_2VlG6nS9NM6qNRY,,,,,41.5316925048828125,-72.79489898681640625,anonymous,EN,I am very likely to support him,The Libertarian Party nominee,"Economy,Climate Change",,,3,2,1
2020-05-07 11:58:57,2020-05-07 12:00:03,IP Address,65.27.227.4,100,65,True,2020-05-07 12:00:03,R_8cTn9vON7OTiKbL,,,,,41.070404052734375,-80.6930999755859375,anonymous,EN,I cannot vote,The Libertarian Party nominee,"Healthcare,Universal Basic Income",,,1,2,3
2020-05-07 12:00:17,2020-05-07 12:01:41,IP Address,65.32.105.112,100,84,True,2020-05-07 12:01:41,R_28CJBu16NhoNgzP,,,,,27.738494873046875,-82.64019775390625,anonymous,EN,I am very likely to support him,Trump,"Taxation,Government Spending/Deficit",2,3,1,,
2020-05-07 12:16:47,2020-05-07 12:18:22,IP Address,174.82.195.165,100,95,True,2020-05-07 12:18:23,R_2tfIZM8p6wJsxJn,,,,,44.6614990234375,-90.1790008544921875,anonymous,EN,I cannot vote,I probably would not have voted,"Economy,Immigration",2,,1,,3
2020-05-07 12:19:02,2020-05-07 12:20:34,IP Address,75.166.196.226,100,92,True,2020-05-07 12:20:34,R_2pKzJkYiwl6BINp,,,,,39.74249267578125,-105.09799957275390625,anonymous,EN,I may support him,Trump,"Economy,Government Spending/Deficit",1,2,,,
2020-05-07 12:38:14,2020-05-07 12:39:01,IP Address,108.2.97.14,100,47,True,2020-05-07 12:39:01,R_1YLANR5RI8IbIIN,,,,,39.85400390625,-75.70439910888671875,anonymous,EN,I may support him,Biden,"Economy,Criminal Justice",2,3,1,,
2020-05-07 12:41:57,2020-05-07 12:43:24,IP Address,136.36.137.132,100,86,True,2020-05-07 12:43:24,R_Q68vNk0LayWUWVr,,,,,40.7592010498046875,-111.8874969482421875,anonymous,EN,I am very likely to support him,I probably would not have voted,"National Security/Foreign Policy,Economy",1,3,,,2
2020-05-07 12:56:26,2020-05-07 12:57:35,IP Address,75.118.46.212,100,69,True,2020-05-07 12:57:36,R_2Sr9lq3fVIUWxHn,,,,,40.0233001708984375,-83.08589935302734375,anonymous,EN,I am very likely to support him,The Libertarian Party nominee,"National Security/Foreign Policy,Economy",2,1,,,3
2020-05-07 13:09:22,2020-05-07 13:10:41,IP Address,67.173.227.221,100,78,True,2020-05-07 13:10:41,R_3oAdrxpw1HOwMoa,,,,,39.924102783203125,-105.06390380859375,anonymous,EN,I am very likely to support him,The Libertarian Party nominee,"Economy,Criminal Justice",1,3,2,,
2020-05-07 13:10:29,2020-05-07 13:11:32,IP Address,76.183.186.15,100,63,True,2020-05-07 13:11:33,R_1it8RjzjrfUA7T1,,,,,33.1974029541015625,-96.61769866943359375,anonymous,EN,I am very likely to support him,Trump,"Gun Policy,Government Spending/Deficit",2,,1,,3
2020-05-07 13:34:36,2020-05-07 13:36:07,IP Address,66.190.105.167,100,90,True,2020-05-07 13:36:07,R_21bMOz3bWlcVpEK,,,,,33.14520263671875,-97.0699005126953125,anonymous,EN,I may support him,Trump,"Taxation,Gun Policy",,,3,1,2
2020-05-07 13:38:25,2020-05-07 13:39:34,IP Address,68.134.200.150,100,68,True,2020-05-07 13:39:34,R_1CmvGgttd64Ul3k,,,,,39.165802001953125,-76.6381988525390625,anonymous,EN,I am very likely to support him,I probably would not have voted,"Government Spending/Deficit,Abortion",3,,1,2,
2020-05-07 13:39:08,2020-05-07 13:40:35,IP Address,107.77.193.20,100,87,True,2020-05-07 13:40:36,R_2yf4mDbe3cJ5aAJ,,,,,39.9586944580078125,-82.9987030029296875,anonymous,EN,I may support him,Trump,"National Security/Foreign Policy,Taxation",2,1,3,,
2020-05-07 04:23:19,2020-05-07 14:06:58,IP Address,73.83.125.9,100,35019,True,2020-05-07 14:06:59,R_1i5v3eNao6Q45QY,,,,,47.5579071044921875,-122.163299560546875,anonymous,EN,I am very likely to support him,Other/write-in,"Healthcare,Taxation",1,,2,,3
2020-05-07 14:12:48,2020-05-07 14:14:15,IP Address,184.96.36.134,100,87,True,2020-05-07 14:14:15,R_24bMkIV7c1VQ2Ud,,,,,39.735107421875,-105.0269012451171875,anonymous,EN,I am very likely to support him,Undecided,"Taxation,Climate Change",2,1,3,,
2020-05-07 14:19:08,2020-05-07 14:20:17,IP Address,107.77.209.116,100,69,True,2020-05-07 14:20:17,R_RK0zRXB8Uhjmh3j,,,,,41.9720001220703125,-87.7595977783203125,anonymous,EN,I am very likely to support him,Biden,"Economy,Climate Change",2,,3,1,
2020-05-07 14:21:33,2020-05-07 14:22:39,IP Address,96.241.32.35,100,65,True,2020-05-07 14:22:40,R_QokdhZ5puKxci53,,,,,38.885101318359375,-77.1802978515625,anonymous,EN,I am very likely to support him,I probably would not have voted,"National Security/Foreign Policy,Economy",,3,1,,2
2020-05-07 14:28:14,2020-05-07 14:29:19,IP Address,100.0.96.90,100,65,True,2020-05-07 14:29:20,R_2TA8ccsD8GhITva,,,,,42.682098388671875,-71.111602783203125,anonymous,EN,I am very likely to support him,Trump,"Gun Policy,Climate Change",,,3,2,1
2020-05-07 14:58:28,2020-05-07 14:59:31,IP Address,108.29.150.160,100,62,True,2020-05-07 14:59:31,R_1CdvJW69YXNwmbT,,,,,40.88330078125,-73.159698486328125,anonymous,EN,I may support him,Biden,"National Security/Foreign Policy,Education Policy",,,3,2,1
2020-05-07 15:06:24,2020-05-07 15:07:09,IP Address,104.129.204.71,100,45,True,2020-05-07 15:07:10,R_2s7rI212l9YcJM8,,,,,33.8621063232421875,-84.4197998046875,anonymous,EN,I may support him,Trump,"Economy,Abortion",1,,2,,
2020-05-07 15:29:55,2020-05-07 15:31:05,IP Address,108.48.61.105,100,69,True,2020-05-07 15:31:05,R_2rkcv6XbGFB4uP2,,,,,38.86700439453125,-76.81729888916015625,anonymous,EN,I am very likely to support him,Biden,"Economy,Climate Change",,,1,2,3
2020-05-07 15:46:49,2020-05-07 15:49:05,IP Address,76.97.17.154,100,135,True,2020-05-07 15:49:05,R_PZ3xj6C2NCozHod,,,,,34.24969482421875,-84.48940277099609375,anonymous,EN,I am very likely to support him,The Libertarian Party nominee,"Criminal Justice,Government Spending/Deficit",1,2,3,,
2020-05-07 15:49:45,2020-05-07 15:50:24,IP Address,68.109.254.2,100,38,True,2020-05-07 15:50:24,R_3m9xFoFgJOher9L,,,,,35.483001708984375,-97.5363006591796875,anonymous,EN,I am very likely to support him,The Libertarian Party nominee,"Economy,Government Spending/Deficit",1,,2,,3
2020-05-07 15:55:35,2020-05-07 15:56:22,IP Address,76.118.159.164,100,47,True,2020-05-07 15:56:22,R_3qygVhSLyfg7LgT,,,,,43.0420074462890625,-71.07550048828125,anonymous,EN,I am very likely to support him,The Libertarian Party nominee,"National Security/Foreign Policy,Gun Policy",3,,2,1,
2020-05-07 16:08:02,2020-05-07 16:09:22,IP Address,69.12.127.41,100,80,True,2020-05-07 16:09:23,R_3svv3IaF3utFk4N,,,,,34.0269927978515625,-94.762298583984375,anonymous,EN,I am very likely to support him,I probably would not have voted,"Gun Policy,Government Spending/Deficit",1,3,2,,
2020-05-07 16:18:04,2020-05-07 16:20:03,IP Address,69.244.133.206,100,118,True,2020-05-07 16:20:03,R_2E9QVitZ95G724i,,,,,42.6790924072265625,-84.57669830322265625,anonymous,EN,I am very likely to support him,The Libertarian Party nominee,"Criminal Justice,Government Spending/Deficit",1,2,,,3
2020-05-07 16:29:07,2020-05-07 16:30:42,IP Address,69.249.30.183,100,95,True,2020-05-07 16:30:43,R_1FtBkYNO5GdduI2,,,,,39.935699462890625,-75.183197021484375,anonymous,EN,I am very likely to support him,Biden,"National Security/Foreign Policy,Minority Rights",1,2,,3,
2020-05-07 16:33:16,2020-05-07 16:36:00,IP Address,75.172.98.70,100,163,True,2020-05-07 16:36:00,R_2Bn79Aa2vk3eySD,,,,,47.6300048828125,-122.2971954345703125,anonymous,EN,I am very likely to support him,The Libertarian Party nominee,"Economy,Gun Policy",3,,1,,2
2020-05-07 16:40:31,2020-05-07 16:42:10,IP Address,68.114.130.115,100,99,True,2020-05-07 16:42:11,R_2Pb39pVS4LzcCtJ,,,,,36.5818023681640625,-87.41619873046875,anonymous,EN,I am very likely to support him,Undecided,"Government Spending/Deficit,Abortion",1,,,2,3
2020-05-07 16:43:27,2020-05-07 16:45:50,IP Address,47.216.180.149,100,143,True,2020-05-07 16:45:51,R_11apriK30z47zOc,,,,,35.2707977294921875,-114.0225982666015625,anonymous,EN,I may support him,I probably would not have voted,"Economy,Abortion",,2,1,,3
2020-05-07 16:51:47,2020-05-07 16:53:04,IP Address,107.77.210.137,100,77,True,2020-05-07 16:53:04,R_2AEevcixWO2kqDS,,,,,41.8502044677734375,-87.6735992431640625,anonymous,EN,I am very likely to support him,The Libertarian Party nominee,"Economy,Government Spending/Deficit",,2,1,3,
2020-05-07 16:53:21,2020-05-07 16:53:55,IP Address,108.5.228.252,100,34,True,2020-05-07 16:53:55,R_27gkNL3Iunin6Qb,,,,,40.786895751953125,-74.25350189208984375,anonymous,EN,I am very likely to support him,The Libertarian Party nominee,"Economy,Taxation",1,2,,,3
2020-05-06 19:04:08,2020-05-06 19:04:18,IP Address,85.101.53.220,25,9,False,2020-05-07 17:00:06,R_2ckoX6wa4Ge1I6g,,,,,,,anonymous,EN,I may support him,,,,,,,
2020-05-06 22:20:08,2020-05-06 22:20:47,IP Address,96.246.35.241,75,38,False,2020-05-07 17:00:08,R_2q1MN4VeUI7BVKR,,,,,,,anonymous,EN,I cannot vote,Biden,"Taxation,Government Spending/Deficit",,,,,
2020-05-07 06:11:20,2020-05-07 06:11:57,IP Address,108.83.209.9,75,36,False,2020-05-07 17:00:08,R_Uncnia5bsAb3YRj,,,,,,,anonymous,EN,I am very likely to support him,Undecided,"Taxation,Gun Policy",,,,,
2020-05-06 19:26:12,2020-05-06 19:27:03,IP Address,24.5.86.201,50,50,False,2020-05-07 17:00:21,R_1hKyY3Q534qAZbv,,,,,,,anonymous,EN,I am very likely to support him,I probably would not have voted,,,,,,
2020-05-06 17:46:22,2020-05-06 17:47:07,IP Address,98.24.82.78,75,44,False,2020-05-07 17:00:21,R_3kNRC8RthbSHSSS,,,,,,,anonymous,EN,I am very likely to support him,The Libertarian Party nominee,"Economy,Taxation",,,,,
2020-05-06 20:33:20,2020-05-06 20:34:06,IP Address,64.71.217.223,75,46,False,2020-05-07 17:00:29,R_3KvwS4QJG81e02Q,,,,,,,anonymous,EN,I cannot vote,Trump,"National Security/Foreign Policy,Government Spending/Deficit",,,,,
2020-05-07 14:49:59,2020-05-07 14:50:29,IP Address,47.37.244.160,50,30,False,2020-05-07 17:00:29,R_250DZttu0gUTaqR,,,,,,,anonymous,EN,I may support him,Undecided,,,,,,
